IWMean,ReturnMean,ReturnMax,IWMin,ReturnStepMax,URet,IWNorm2,MISE,IWLastEpisode,LQGsigma,DenMISELogLast,IWMax,ReturnLastEpisode,IWFirstEpisode,Iteration,IWNorm1,ReturnMin,TimeElapsed,DenMISEMeanLog,LQGmu1,target_sum_log_mean,Bound,LQGmu01,TimestepsSoFar,SqrtESSClassic,ReturnAbsMax,ExplorationBonus,DenMISELogFirst
1.0042634,9.380901,9.380901,,0.55877954,10.303278693899255,1.0042634,9.420896,1.0042634,0.11,12.845262,1.0042634,9.380901,1.0042634,1,1.0042634,,0.04632401466369629,12.845262,0.01010101,12.849516,28.182697,0.001010101,20,1.0,9.380901,18.761803,12.845262
13.346168,9.315305,9.380901,,0.55877954,10.166394052361602,13.340032,123.44896,26.680061,0.11,14.755722,26.680061,9.249708,0.012274523,2,13.346168,,1.8363690376281738,13.801557,0.030303031,13.243401,142.20213,0.0030303032,40,1.0004599,9.380901,18.753178,12.847391
1.9344424,9.271588,9.380901,,0.55877954,10.085677680633932,1.3644005,17.828402,2.9942307,0.11,19.903095,2.9942307,9.184156,0.018299472,3,1.9344423,,2.5751595497131348,16.454817,0.030303031,15.828861,31.061474,0.0030303032,60,1.4177965,9.380901,13.233071,12.448045
1.4764196,9.266199,9.380901,,0.55877954,10.15268805296383,0.84902483,13.624658,1.9556059,0.11,17.038534,1.9980755,9.2500305,0.024251372,4,1.4764196,,3.4255635738372803,16.723965,0.030303031,16.298954,24.413757,0.0030303032,80,1.7389592,9.380901,10.789099,12.166444
0.5394421,9.248004,9.380901,,0.55877954,10.07552934482122,0.49296325,5.0521975,0.13515884,0.11,17.106453,2.4600244,9.175225,2.4600244,5,0.5394421,,4.332128047943115,16.862463,0.01010101,14.152601,22.197464,0.001010101,100,1.0942847,9.380901,17.145267,11.949345
1.604926,9.241142,9.380901,,0.55877954,10.111530156621239,0.7162348,14.787572,1.8806412,0.11,10.141308,1.9980564,9.206833,0.024234401,6,1.6049259,,5.177333354949951,15.664851,0.030303031,15.588589,23.160454,0.0030303032,120,2.2407818,9.380901,8.372883,12.167144
1.4622754,9.23224,9.380901,,0.55979556,10.090698711314747,0.5954632,13.464686,1.7206001,0.11,14.240186,1.7487226,9.178826,0.02815973,7,1.4622753,,6.020710229873657,15.528163,0.030303031,15.473485,21.104809,0.0030303032,140,2.4556937,9.380901,7.6401234,12.017024
0.67680955,9.272421,9.553689,,0.57715887,10.522380419794905,0.44726118,6.393588,2.4333546,0.11,18.9792,2.6169472,9.553689,2.6169472,8,0.67680955,,7.0156543254852295,16.00637,0.01010101,13.709574,19.020462,0.001010101,160,1.5132312,9.553689,12.626873,11.887507
2.4407993e-09,9.304881,9.564552,,0.5836317,10.531545182766319,2.4279743e-09,2.2417161e-08,1.6124811e-18,0.11,16.619677,2.1851669e-08,9.564552,9.770604e-20,9,2.4407996e-09,,7.902750015258789,16.0358,0.07070707,-13.491632,19.028591,0.0070707067,180,1.0052823,9.564552,19.028591,12.052734
32.438736,9.290056,9.564552,,0.5836317,10.051260323522369,32.433483,297.0301,324.33484,0.11,9.212082,324.33484,9.156642,1.066201e-08,10,32.438732,,8.744622468948364,15.258606,0.05050505,7.122229,316.1561,0.005050505,200,1.0001619,9.564552,19.126009,11.947374
1.7483112,9.2738495,9.564552,,0.5836317,10.009608478690645,1.2404058,15.974152,8.50287,0.11,15.858103,10.670991,9.111789,1.1728212e-08,11,1.748311,,9.600032806396484,15.545987,0.05050505,8.110981,29.546024,0.005050505,220,1.409467,9.564552,13.571872,11.852064
1.1864098,9.259952,9.564552,,0.5836317,10.003843192429693,0.70461243,10.831609,3.0337062,0.11,16.73624,5.9089055,9.107067,1.2794388e-08,12,1.1864098,,10.486860752105713,15.670077,0.05050505,8.922235,22.192442,0.005050505,240,1.6837765,9.564552,11.360833,11.765053
1.170722,9.245568,9.564552,,0.5836317,9.96562682993649,0.59228754,10.668797,4.2923846,0.11,13.96464,4.2923846,9.072963,1.3860602e-08,13,1.170722,,11.362165927886963,15.541376,0.05050505,9.422176,20.346525,0.005050505,260,1.9766109,9.564552,9.677729,11.68501
6.018517e-17,9.234789,9.564552,,0.5836317,9.988610855762355,6.010004e-17,5.4736735e-16,8.414005e-16,0.11,11.788706,8.414005e-16,9.094677,,14,6.0185185e-17,,12.419613122940063,15.277698,0.11111111,-65.86623,19.102041,0.011111111,280,1.0014168,9.564552,19.102041,11.610902
0.9999996,9.217793,9.564552,,0.5836317,9.862436609543918,0.9999996,8.979835,14.999993,0.11,10.174852,14.999993,8.979839,,15,0.9999996,,13.375692367553711,14.8731165,0.11111111,-60.616287,28.10894,0.011111111,300,1.0,9.564552,19.129105,11.541909
0.9999995,9.203114,9.564552,,0.5836317,9.86669148374801,0.7071065,8.981375,7.999996,0.11,14.737301,7.999996,8.982918,,16,0.9999995,,14.263400554656982,14.847444,0.11111111,-55.776726,22.507694,0.011111111,320,1.4142135,9.564552,13.5263195,11.47737
1.0000002,9.190708,9.564552,,0.5836317,9.877219887391876,0.57735044,8.984994,5.6666718,0.11,16.83046,5.6666718,8.992218,,17,1.0000002,,15.135863304138184,14.954735,0.11111111,-51.40368,20.029188,0.011111111,340,1.7320507,9.564552,11.044194,11.416746
1.1348448,9.179384,9.564552,,0.5836317,9.871077238190848,0.50960785,10.337581,8.8335736e-20,0.11,11.1817665,4.468033,8.986876,1.9191601e-08,18,1.1348448,,16.022236824035645,14.739088,0.05050505,0.24258725,18.927603,0.005050505,360,2.2268982,9.564552,8.590022,11.359588
1.3834023,9.174356,9.564552,,0.5836317,9.977465747161673,0.4953789,12.722086,2.5377824,0.11,14.076592,3.728083,9.08387,0.05736285,19,1.3834023,,17.002110481262207,14.706799,0.030303031,-3.9804897,19.571978,0.0030303032,380,2.7926145,9.564552,6.849891,11.30552
1.3416307,9.181387,9.564552,,0.5836317,10.216564643899478,0.44905192,12.357336,3.3012323,0.11,14.144291,3.3012323,9.314985,0.060200203,20,1.3416308,,17.93241047859192,14.693649,0.030303031,-3.0145361,18.759962,0.0030303032,400,2.9876964,9.564552,6.4026265,11.257241
0.9999998,9.180998,9.564552,,0.5836317,10.073466164819726,0.4999999,8.985461,,0.11,15.942101,5.249999,9.173218,,21,0.9999998,,18.654872179031372,14.766169,0.11111111,-50.60069,18.550014,0.011111111,420,2.0,9.564552,9.564552,11.211456
6.5532293e-19,9.171957,9.564552,,0.5836317,9.863470929204354,6.5007416e-19,5.8861548e-18,1.430161e-17,0.11,4.8425126,1.430161e-17,8.982079,,22,6.553449e-19,,19.557783603668213,14.31126,0.17171717,-191.40474,18.975256,0.017171716,440,1.0081079,9.564552,18.975256,11.164937
1.0,9.156692,9.564552,,0.5836317,9.687974211086196,1.0,8.820846,23.0,0.11,14.306591,23.0,8.820846,,23,1.0,,20.404660940170288,14.268538,0.17171717,-182.32443,27.949951,0.017171716,460,1.0,9.564552,19.129105,11.120485
0.51418704,9.141758,9.564552,,0.5836317,9.662553043072368,0.50205946,4.5242486,12.045824,0.11,12.882797,12.045824,8.7983,,24,0.51418704,,21.29646110534668,14.1988945,0.1919192,-237.60345,23.202175,0.019191919,480,1.0241556,9.564552,18.677927,11.077926
1.3461084,9.125628,9.564552,,0.5836317,9.59770736788452,1.0542399,11.783965,24.994972,0.11,13.806415,24.994972,8.738514,,25,1.3461086,,22.17605686187744,14.160763,0.1919192,-227.41832,26.765419,0.019191919,500,1.2768523,9.564552,14.981455,11.037104
1.151442,9.112792,9.564552,,0.5836317,9.655603542965455,0.6813061,10.098612,10.114843,0.11,15.748914,12.998694,8.791871,,26,1.151442,,23.21483039855957,14.222342,0.1919192,-217.97673,21.417267,0.019191919,520,1.690051,9.564552,11.318656,10.997883
0.7771461,9.100436,9.564552,,0.5836317,9.642684120616488,0.52819616,6.8476257,0.4169793,0.11,15.781886,13.020418,8.779177,,27,0.7771461,,24.107545375823975,14.279667,0.17171717,-153.2799,19.848938,0.017171716,540,1.471321,9.564552,13.001313,10.960142
0.06816112,9.090883,9.564552,,0.5836317,9.698864795406575,0.06800249,0.5956336,4.1797494e-09,0.11,15.525256,1.9040657,8.832966,,28,0.06816112,,24.98577904701233,14.31293,0.21212122,-266.16586,19.680222,0.021212121,560,1.0023327,9.564552,19.084587,10.923775
0.9845469,9.077473,9.564552,,0.5836317,9.559743096740585,0.92291474,8.56982,26.700754,0.11,15.922484,26.700754,8.701952,,29,0.9845469,,25.994588613510132,14.336825,0.21212122,-256.32544,26.501453,0.021212121,580,1.0667799,9.564552,17.931633,10.888683
1.0386659,9.064173,9.564552,,0.5836317,9.530477688083336,0.6947345,9.028906,14.978565,0.11,13.547427,14.978565,8.678488,,30,1.0386659,,26.8945631980896,14.30156,0.21212122,-247.23946,21.82383,0.021212121,600,1.4950544,9.564552,12.794923,10.854782
1.0176369,9.052637,9.564552,,0.5836317,9.562032415144143,0.5580969,8.851095,9.422457,0.11,7.2414193,10.3234825,8.706569,,31,1.017637,,27.97198247909546,14.069659,0.21212122,-238.95804,19.34196,0.021212121,620,1.8234056,9.564552,10.490867,10.821992
2.433551e-09,9.041352,9.564552,,0.5836317,9.54825164892118,2.378836e-09,2.1120291e-08,1.6802186e-09,0.11,17.684385,7.6104165e-08,8.691519,,32,2.433551e-09,,28.86885976791382,14.179632,0.25252524,-375.33893,18.699015,0.025252525,640,1.0230007,9.564552,18.699015,10.790243
1.0000001,9.025259,9.564552,,0.5836317,9.345895874358806,1.0000001,8.5103035,33.000004,0.11,13.814644,33.000004,8.510303,,33,1.0000001,,29.79113793373108,14.138733,0.25252524,-363.44046,27.639408,0.025252525,660,1.0,9.564552,19.129105,10.759472
0.9999995,9.010933,9.564552,,0.5836317,9.376671195669198,0.7071065,8.524227,16.999992,0.11,12.40957,16.999992,8.538159,,34,0.9999995,,30.734013319015503,14.079287,0.25252524,-352.30273,22.050547,0.025252525,680,1.4142135,9.564552,13.5263195,10.729619
0.99999976,8.9976225,9.564552,,0.5836317,9.382851485390566,0.57735014,8.531168,11.666664,0.11,12.29864,11.666664,8.545048,,35,0.99999976,,31.636704921722412,14.02342,0.25252524,-341.81534,19.575363,0.025252525,700,1.7320508,9.564552,11.044194,10.700631
1.0472274,8.98387,9.564552,,0.5836317,9.340689460007424,0.51528084,9.1877,8.19746e-23,0.11,13.659614,11.446228,8.502535,,36,1.0472275,,32.56421756744385,14.0099,0.1919192,-158.68823,18.60004,0.019191919,720,2.0323431,9.564552,9.41234,10.672461
0.87544745,8.978201,9.564552,,0.5836317,9.637353884315253,0.4877404,7.7204027,0.31736428,0.11,11.600044,12.256844,8.77414,,37,0.8754474,,33.66960597038269,13.943366,0.17171717,-118.79409,18.377853,0.017171716,740,1.7949045,9.564552,10.65745,10.6450615
1.2664633,8.973016,9.564552,,0.5836317,9.646897066439998,0.51115686,11.11216,8.4076,0.11,11.902867,9.171481,8.781162,,38,1.2664632,,34.5976037979126,13.88413,0.1919192,-149.60384,18.832853,0.019191919,760,2.4776409,9.564552,7.720693,10.618393
1.0000002,8.967166,9.564552,,0.5836317,9.603830850198232,0.5000001,8.5240135,1.5986226e-16,0.11,19.457993,9.750002,8.744867,,39,1.0000002,,35.537914991378784,14.03128,0.25252524,-308.97748,18.088566,0.025252525,780,2.0,9.564552,9.564552,10.592418
1.3074452,8.956117,9.564552,,0.5836317,9.362646346842451,0.41258386,12.036961,,0.11,16.034454,5.6670504,8.525199,0.12003908,40,1.307445,,36.48734974861145,14.078989,0.030303031,-191.37564,18.073437,0.0030303032,800,3.1689196,9.564552,6.036475,10.5671
1.0222725,8.960328,9.564552,,0.5836317,10.027403189995841,0.4834311,8.890716,,0.11,-13.205023,10.237793,9.128782,,41,1.0222725,,37.41680335998535,13.419415,0.21212122,-190.65068,17.93684,0.021212121,820,2.1146188,9.564552,9.046124,10.5454035
1.2609749,8.954751,9.564552,,0.5836317,9.58060541867751,0.45549548,11.05719,1.894251,0.11,-11.952366,8.165075,8.7261,,42,1.2609749,,38.51354479789734,12.813738,0.1919192,-144.1194,17.967098,0.019191919,840,2.7683587,9.564552,6.9099083,10.521306
0.74146,8.949786,9.564552,,0.5836317,9.603082439572272,0.40863174,7.0319605,,0.11,17.49749,10.503829,8.741265,10.503829,43,0.74145997,,39.57913661003113,12.92684,0.01010101,-251.21593,17.574348,0.001010101,860,1.8144943,9.564552,10.542389,10.497776
6.4712247e-10,8.97743,10.166096,,0.67473066,11.237658369250061,5.9850125e-10,6.54305e-09,2.6288406e-08,0.11,-0.816621,2.6288406e-08,10.166096,1.3800292e-09,44,6.4712247e-10,,40.51151156425476,12.607229,-0.030303031,-385.28986,18.804543,-0.0030303032,880,1.0812383,10.166096,18.804543,10.693339
0.9932338,9.06152,12.761452,,0.81418777,14.109061785473124,0.9932338,12.675106,44.695522,0.11,8.847799,44.695522,12.761452,1.4113954e-09,45,0.9932338,,41.34985542297363,12.501713,-0.030303031,-376.44684,38.19801,-0.0030303032,900,1.0,12.761452,25.522903,10.670866
0.44442335,9.154728,13.349117,,0.8968268,14.793388103414301,0.43697092,5.668683,0.24908163,0.11,13.476733,20.099026,13.349117,0.02125775,46,0.44442332,,42.322224140167236,12.516402,-0.01010101,-296.0209,31.919224,-0.001010101,920,1.0170547,13.349117,26.25054,10.648888
1.2465485,9.182201,13.349117,,0.8968268,11.539557157084737,0.9832339,13.7399435,43.9458,0.11,15.314711,43.9458,10.445974,0.021709856,47,1.2465485,,43.30239462852478,12.562765,-0.01010101,-289.31625,34.79858,-0.001010101,940,1.2678046,13.349117,21.058636,10.627843
0.78152895,9.210332,13.349117,,0.8968268,11.612149704775081,0.5617879,10.216456,0.4831729,0.11,15.824553,23.742844,10.532484,1.5041e-09,48,0.78152895,,44.42057132720947,12.629542,-0.030303031,-351.93936,29.407997,-0.0030303032,960,1.391146,13.349117,19.191542,10.607251
1.1488371,9.261675,13.349117,,0.8968268,12.980906546639956,0.7008082,12.481351,0.13555449,0.11,16.446905,23.433065,11.726121,0.022623213,49,1.1488371,,45.409839153289795,12.700688,-0.01010101,-276.82544,28.767685,-0.001010101,980,1.6393031,13.349117,16.286333,10.586633
1.0911166e-17,9.280112,13.349117,,0.8968268,11.251809727278314,1.09111666e-17,1.4565444e-16,,0.11,9.822099,5.455583e-16,10.183552,,50,1.0911215e-17,,46.363529205322266,12.642498,-0.11111111,-706.1139,26.698114,-0.011111111,1000,1.0000045,13.349117,26.698114,10.566891
346.87323,9.392913,15.032969,,0.9812555,16.66932887499986,346.87308,5214.534,17690.527,0.11,-3.3957486,17690.527,15.032969,1.7635784e-37,51,346.87323,,47.33181047439575,12.308608,-0.07070707,-491.07288,5244.6,-0.0070707067,1020,1.0000005,15.032969,30.065924,10.547089
1.9892853,9.50434,15.187122,,0.9812555,16.810578735843983,1.4065424,30.057552,51.585007,0.11,7.808909,51.85052,15.187122,1.798156e-37,52,1.9892855,,48.30544924736023,12.315569,-0.07070707,-481.40317,51.53394,-0.0070707067,1040,1.4143089,15.187122,21.476387,10.527671
1.4957892,9.594579,15.187122,,0.9812555,15.837622770931612,0.8635135,22.190914,26.413677,0.11,12.021234,26.461859,14.287001,1.8327403e-37,53,1.4957892,,49.33967566490173,12.317383,-0.07070707,-472.03146,39.725853,-0.0070707067,1060,1.7322128,15.187122,17.534939,10.508622
1.3291824,9.688935,15.187122,,0.9812555,16.300090064673466,0.6645226,19.670862,17.872814,0.11,12.047406,17.98272,14.689779,1.8673201e-37,54,1.3291824,,50.322067975997925,12.316512,-0.07070707,-463.01367,34.856415,-0.0070707067,1080,2.0002065,15.187122,15.1855545,10.48993
1.2473085,9.791367,15.322615,,0.98900825,16.979794272495617,0.5577511,18.589737,13.727158,0.11,12.585534,13.740098,15.322615,1.9018992e-37,55,1.2473085,,51.32366466522217,12.324254,-0.07070707,-454.31876,32.29317,-0.0070707067,1100,2.2363174,15.322615,13.703435,10.471581
1.1981424,9.868999,15.322615,,0.98900825,15.664567380203952,0.48908257,17.704031,11.189684,0.11,12.340812,11.193545,14.138864,1.9364835e-37,56,1.1981425,,52.36195111274719,12.326739,-0.07070707,-445.94244,30.213434,-0.0070707067,1120,2.4497755,15.322615,12.509403,10.453563
1.1651189,9.952965,15.322615,,0.98900825,16.265823657441786,0.44032067,17.195866,9.482887,0.11,15.623547,9.495439,14.654989,1.9710646e-37,57,1.1651189,,53.50402593612671,12.3863535,-0.07070707,-437.8053,28.777283,-0.0070707067,1140,2.646069,15.322615,11.581417,10.435863
0.8545372,10.0319395,15.322615,,0.98900825,16.120341110093836,0.49937546,10.726752,0.0042855022,0.11,16.431772,19.173248,14.533537,1.816611e-09,58,0.85453725,,54.65598702430725,12.457592,-0.030303031,-289.77826,28.635246,-0.0030303032,1160,1.7112119,15.322615,17.908495,10.418471
1.1413895,10.069861,15.322615,,0.98900825,13.548475180524756,0.4034945,16.813452,0.0017440391,0.11,7.2107744,8.425941,12.269373,2.0402222e-37,59,1.1413894,,55.68795442581177,12.364584,-0.07070707,-422.63556,27.6469,-0.0070707067,1180,2.8287606,15.322615,10.833447,10.401377
1.0974991,10.152909,15.322615,,0.98900825,16.686621770438308,0.5686221,11.725876,7.862097e-08,0.11,13.514444,19.28081,15.052711,0.027689135,60,1.0974991,,56.699535608291626,12.385004,-0.01010101,-226.0848,27.603386,-0.001010101,1200,1.9301028,15.322615,15.877511,10.384569
1.1238328,10.165996,15.322615,,0.98900825,12.074881419330906,0.3745661,16.59503,2.7699544e-12,0.11,13.088871,7.6229267,10.951189,2.1084094e-37,61,1.1238327,,57.52952599525452,12.39607,-0.07070707,-408.7458,26.808884,-0.0070707067,1220,3.0003588,15.322615,10.213855,10.368502
0.06676055,10.232903,15.322615,,0.98900825,15.883232390611948,0.057007745,0.6073888,,0.11,14.04567,3.506404,14.314153,5.351014e-19,62,0.06676055,,58.52092123031616,12.423758,0.07070707,-103.386986,26.77577,0.0070707067,1240,1.1710786,15.322615,26.16838,10.3522415
0.55974954,10.215516,15.322615,,0.98900825,10.031945943614684,0.49899796,5.1122775,31.252245,0.11,-4.1150045,31.252245,9.137645,5.437333e-19,63,0.5597495,,59.75900959968567,12.146526,0.07070707,-101.756615,32.431477,0.0070707067,1260,1.121747,15.322615,27.319199,10.336241
0.7244308,10.197357,15.322615,,0.98900825,9.943830319494342,0.4719752,6.5891943,21.244034,0.11,16.596489,21.244034,9.053292,5.523633e-19,64,0.7244308,,60.74103617668152,12.207823,0.07070707,-99.85959,26.554924,0.0070707067,1280,1.5348916,15.322615,19.965729,10.320493
3.4129906,10.179452,15.322615,,0.98900825,9.921402612626741,3.4017792,30.831161,221.11536,0.11,13.204053,221.11536,9.033503,1.6469453e-34,65,3.4129906,,61.71097803115845,12.217616,0.09090909,-92.747795,61.375725,0.00909091,1300,1.0032958,15.322615,30.544561,10.304988
1.3492242,10.161791,15.322615,,0.98900825,9.900910133036234,0.9574716,12.177027,37.304497,0.11,16.260502,51.00603,9.013875,1.6722811e-34,66,1.3492241,,62.75442552566528,12.28646,0.09090909,-91.04131,33.924294,0.00909091,1320,1.4091531,15.322615,21.747267,10.289721
1.2982624,10.144768,15.322615,,0.98900825,9.908644733746229,0.7487523,11.714677,32.834503,0.11,10.193422,32.834503,9.021273,1.6976182e-34,67,1.2982624,,63.6893846988678,12.255807,0.09090909,-89.47824,29.388828,0.00909091,1340,1.733901,15.322615,17.674152,10.274683
0.9508555,10.128122,15.322615,,0.98900825,9.899893761157537,0.45393854,11.7688465,,0.11,2.041504,16.948643,9.012858,2.128838e-09,68,0.9508556,,64.54643607139587,12.106882,-0.030303031,-260.999,26.398882,-0.0030303032,1360,2.094679,15.322615,14.630035,10.259868
1.2368098,10.138282,15.322615,,0.98900825,11.95724188659749,0.615036,11.156629,,0.11,5.8514385,22.693356,10.829099,1.7482888e-34,69,1.2368098,,65.75767183303833,12.014323,0.09090909,-88.1491,26.395771,0.00909091,1380,2.010955,15.322615,15.239141,10.245269
0.0012932643,10.123032,15.322615,,0.98900825,9.958764478703943,0.0011077557,0.011420834,2.3949625e-22,0.11,-2.929673,0.07624707,9.0707245,,70,0.0012932643,,66.79581308364868,11.802075,0.15151516,-128.90598,26.260832,0.015151516,1400,1.1674635,15.322615,26.24941,10.230881
6.3368373,10.106188,15.322615,,0.98900825,9.804174118036011,6.317633,56.571064,448.55078,0.11,11.7954445,448.55078,8.927168,,71,6.336837,,67.95617628097534,11.788015,0.13131313,-103.782005,87.12342,0.013131313,1420,1.0030397,15.322615,30.552359,10.216696
1.7904464,10.090103,15.322615,,0.98900825,9.827231361188678,1.2530764,16.00364,65.382645,0.11,11.47843,65.382645,8.948069,,72,1.7904463,,68.99926137924194,11.797832,0.13131313,-102.123116,37.451263,0.013131313,1440,1.4288404,15.322615,21.447622,10.202709
1.365829,10.074103,15.322615,,0.98900825,9.799063849072237,0.7795218,12.201886,29.767647,0.11,14.598996,34.741882,8.922072,,73,1.3658291,,70.11933898925781,11.840235,0.13131313,-100.47769,29.692085,0.013131313,1460,1.7521371,15.322615,17.4902,10.188916
1.2685484,10.058621,15.322615,,0.98900825,9.806848941452351,0.62569803,11.331265,23.768738,0.11,16.072933,23.861652,8.928526,,74,1.2685484,,71.16730165481567,11.899291,0.13131313,-98.85987,26.4467,0.013131313,1480,2.0274131,15.322615,15.115434,10.17531
1.2439469,10.043677,15.322615,,0.98900825,9.817902032250167,0.52059513,13.378265,,0.11,13.194432,18.147778,8.937761,0.034595445,75,1.2439468,,72.15486717224121,11.918063,-0.01010101,-208.28456,26.203377,-0.001010101,1500,2.3894706,15.322615,12.825112,10.161887
1.1099075,10.03665,15.322615,,0.98900825,10.462945659520946,0.35094962,16.33923,1.9290575e-31,0.11,-2.649539,8.4419155,9.509626,2.62566e-37,76,1.1099075,,73.18415212631226,11.728127,-0.07070707,-393.6895,26.029163,-0.0070707067,1520,3.1625836,15.322615,9.689935,10.149103
1.0983714,10.0882015,15.322615,,0.98900825,15.555034129904728,0.33113945,16.09835,7.648103,0.11,0.68960583,7.6979246,14.006113,2.6602003e-37,77,1.0983714,,74.20771598815918,11.585536,-0.07070707,-388.54123,25.337341,-0.0070707067,1540,3.316945,15.322615,9.238992,10.136031
1.0895141,10.147158,15.322615,,0.98900825,16.253088787030823,0.31448486,15.971228,7.085671,0.11,12.264304,7.0891724,14.68675,2.6947427e-37,78,1.0895141,,75.2516417503357,11.594923,-0.07070707,-383.3776,24.816877,-0.0070707067,1560,3.4644406,15.322615,8.84565,10.123128
1.2191153,10.20432,15.322615,,0.98900825,16.267541961668,0.5374617,10.891173,,0.11,13.893017,19.645252,14.6630535,,79,1.2191153,,76.68069887161255,11.624637,0.13131313,-101.96481,24.401493,0.013131313,1580,2.2682831,15.322615,13.51032,10.110389
1.1928941,10.189127,15.322615,,0.98900825,9.87002239251375,0.52952653,10.772788,0.00014697883,0.11,-14.555458,19.79935,8.988815,2.026071e-34,80,1.1928941,,78.30878806114197,11.298643,0.09090909,-82.19676,24.376226,0.00909091,1600,2.252756,15.322615,13.603438,10.09781
1.0819606,10.174622,15.322615,,0.98900825,9.901579004090179,0.30005226,15.860795,,0.11,16.62961,6.748478,9.014187,2.798393e-37,81,1.0819606,,79.88365006446838,11.365417,-0.07070707,-379.46136,24.359413,-0.0070707067,1620,3.6059072,15.322615,8.498618,10.085387
0.57119894,10.2252245,15.322615,,0.98900825,15.923419587366764,0.3526569,5.1944237,1.702883e-36,0.11,4.1035447,20.236792,14.324101,7.0738945e-19,82,0.57119894,,81.92073941230774,11.277412,0.07070707,-85.53605,24.114717,0.0070707067,1640,1.6197016,15.322615,18.920294,10.073117
0.7709517,10.212356,15.322615,,0.98900825,10.048919238209088,0.363233,9.559903,,0.11,5.3302164,16.54917,9.157067,2.5972362e-09,83,0.77095175,,83.01199626922607,11.200019,-0.030303031,-244.1772,23.998367,-0.0030303032,1660,2.1224716,15.322615,14.438464,10.060996
1.0717419,10.246682,15.322615,,0.98900825,14.524884973593974,0.28643262,15.686529,0.00016737219,0.11,11.442366,6.4599376,13.095813,2.902042e-37,84,1.0717418,,84.10989999771118,11.199549,-0.07070707,-368.5726,23.876743,-0.0070707067,1680,3.741689,15.322615,8.190213,10.04902
1.0209625,10.290163,15.322615,,0.98900825,15.481948620292103,0.41986293,10.986511,1.9669261e-07,0.11,11.179636,16.493385,13.942538,0.039190076,85,1.0209625,,85.3120231628418,11.199769,-0.01010101,-189.02863,23.589127,-0.001010101,1700,2.4316566,15.322615,12.602614,10.037186
1.0669221,10.303115,15.322615,,0.98900825,12.61325166942078,0.27547175,15.566342,5.1096545e-12,0.11,13.183085,6.1414423,11.404085,2.9697743e-37,86,1.0669221,,86.63241267204285,11.222226,-0.07070707,-359.99924,23.478724,-0.0070707067,1720,3.8730726,15.322615,7.9123816,10.02595
2.4018105e-09,10.346401,15.322615,,0.98900825,15.606475476051802,1.8166912e-09,2.0427496e-08,,0.11,6.782297,1.457386e-07,14.069011,,87,2.4018105e-09,,87.74303579330444,11.171612,0.2929293,-559.9658,23.179564,0.02929293,1740,1.3220797,15.322615,23.179564,10.014389
1.5652253e-13,10.324367,15.322615,,0.98900825,9.223658160674931,1.5652251e-13,1.3159381e-12,1.3773981e-11,0.11,-59.73938,1.3773981e-11,8.40734,,88,1.5652253e-13,,88.83680319786072,10.3545065,0.3131313,-651.4623,30.645226,0.031313132,1760,1.0000001,15.322615,30.645226,10.002961
0.99814546,10.300487,15.322615,,0.98900825,9.005798550765,0.99814546,8.183854,88.834946,0.11,16.992472,88.834946,8.1990595,,89,0.99814546,,90.41380548477173,10.417916,0.3131313,-643.90106,38.829082,0.031313132,1780,1.0,15.322615,30.64523,9.991661
0.07710484,10.277626,15.322615,,0.98900825,9.054100405235042,0.07618183,0.6355343,6.855856,0.11,12.095948,6.855856,8.242998,,90,0.07710484,,92.56674289703369,10.433206,0.2929293,-541.76276,30.913916,0.02929293,1800,1.0121158,15.322615,30.278381,9.980488
1.2513582e-09,10.255664,15.322615,,0.98900825,9.095605729678164,1.2512216e-09,1.0259966e-08,2.1594377e-15,0.11,14.785093,1.1386116e-07,8.279074,,91,1.2513582e-09,,94.61903595924377,10.470917,0.35353535,-844.5473,30.641884,0.035353538,1820,1.0001092,15.322615,30.641884,9.969439
1.0,10.230218,15.322615,,0.98900825,8.689954424337508,1.0,7.914658,92.0,0.11,11.690444,92.0,7.914658,,92,1.0,,96.47771453857422,10.473362,0.35353535,-835.1912,38.559887,0.035353538,1840,1.0,15.322615,30.64523,9.958509
0.24935794,10.206445,15.322615,,0.98900825,8.803682390337821,0.24381089,2.00068,22.668612,0.11,10.875474,22.668612,8.0193205,,93,0.24935794,,98.89563131332397,10.474444,0.33333334,-716.398,31.964195,0.033333335,1860,1.0227515,15.322615,29.963516,9.947699
1.1818452,10.183917,15.322615,,0.98900825,8.8855911831448,0.9997003,9.546749,92.14699,0.11,9.235332,92.14699,8.088852,,94,1.1818452,,100.85155010223389,10.45306,0.33333334,-708.63043,35.468964,0.033333335,1880,1.1821995,15.322615,25.922215,9.937003
0.12381021,10.161836,15.322615,,0.98900825,8.88277163593019,0.12379604,0.9799169,2.4659478e-08,0.11,15.615002,11.760624,8.086138,,95,0.1238102,,103.00462698936462,10.50606,0.37373737,-925.1556,31.62164,0.037373737,1900,1.0001144,15.322615,30.641722,9.926421
0.49304876,10.138623,15.322615,,0.98900825,8.714278643056954,0.42725846,4.0793605,8.1941456e-23,0.11,10.323321,40.450035,7.933405,,96,0.49304873,,104.90029811859131,10.49501,0.2929293,-508.89758,30.635424,0.02929293,1920,1.1539824,15.322615,26.556063,9.91595
5.868262e-17,10.119929,15.322615,,0.98900825,9.14793800187089,5.849931e-17,4.6445633e-16,,0.11,11.086475,5.674405e-15,8.325308,,97,5.868272e-17,,106.72158980369568,10.495192,0.41414142,-1164.1602,30.54945,0.04141414,1940,1.0031352,15.322615,30.54945,9.905586
2.069313,10.094429,15.322615,,0.98900825,8.36726764870594,2.0693123,15.770139,202.79262,0.11,4.597923,202.79262,7.6209536,,98,2.0693128,,108.26558756828308,10.424864,0.3939394,-1020.1949,46.41536,0.039393943,1960,1.0000002,15.322615,30.645222,9.89533
1.0902926,10.071246,15.322615,,0.98900825,8.567202465530281,0.96929806,8.518483,95.32353,0.11,12.685554,95.32353,7.799247,,99,1.0902927,,109.46349883079529,10.448977,0.37373737,-888.2721,35.762875,0.037373737,1980,1.124827,15.322615,27.244392,9.885178
0.6925664,10.049475,15.322615,,0.98900825,8.665830073800553,0.6744255,5.281296,0.00093658397,0.11,13.01357,67.417496,7.894241,,100,0.69256634,,110.58748149871826,10.472634,0.3939394,-999.59106,35.123814,0.039393943,2000,1.0268983,15.322615,29.842518,9.875128
0.20080602,10.0259495,15.322615,,0.98900825,8.425458367734922,0.19468361,1.5306591,0.6284076,0.11,11.740876,19.653,7.6733155,,101,0.20080604,,111.70423865318298,10.480621,0.41414142,-1118.0033,31.241537,0.04141414,2020,1.0314481,15.322615,29.710878,9.865177
0.0055724927,10.001464,15.322615,,0.98900825,8.263386074708908,0.005570875,0.041952733,0.5682292,0.11,11.908961,0.5682292,7.528513,,102,0.0055724923,,113.0094723701477,10.486672,0.43434343,-1243.3978,30.67829,0.043434344,2040,1.0002903,15.322615,30.636337,9.855325
0.86136377,9.976465,15.322615,,0.98900825,8.15249913973053,0.8558401,6.397539,88.14968,0.11,10.079201,88.14968,7.426565,,103,0.86136377,,114.01793074607849,10.473109,0.43434343,-1231.1846,36.84625,0.043434344,2060,1.0064541,15.322615,30.44871,9.845569
1.1566001e-09,9.951379,15.322615,,0.98900825,8.094497085524532,1.1560373e-09,8.521154e-09,1.2022787e-07,0.11,15.057091,1.2022787e-07,7.367387,,104,1.1566001e-09,,115.9614667892456,10.513616,0.47474748,-1514.9529,30.630318,0.04747475,2080,1.0004869,15.322615,30.630318,9.835907
0.9999989,9.9242935,15.322615,,0.98900825,7.802342638400013,0.9999989,7.1075096,104.999886,0.11,15.558439,104.999886,7.1075172,,105,0.9999989,,117.75774264335632,10.552183,0.47474748,-1500.3322,37.75274,0.04747475,2100,1.0,15.322615,30.64523,9.826337
9.943592e-11,9.897196,15.322615,,0.98900825,7.744460019285016,9.920053e-11,7.012265e-10,1.0515227e-08,0.11,10.70268,1.0515227e-08,7.0519133,,106,9.943591e-11,,119.08234906196594,10.550753,0.5151515,-1813.5979,30.57269,0.05151515,2120,1.0023727,15.322615,30.57269,9.816858
0.9999999,9.867535,15.322615,,0.98900825,7.383866126785838,0.9999999,6.723436,106.999985,0.11,11.95335,106.999985,6.723437,,107,0.9999999,,120.20704531669617,10.55456,0.5151515,-1796.493,37.368664,0.05151515,2140,1.0,15.322615,30.64523,9.807468
2.1191401e-12,9.838666,15.322615,,0.98900825,7.419075139711159,2.0691144e-12,1.42492355e-11,5.469733e-12,0.11,11.89563,2.2339741e-10,6.74969,,108,2.1191401e-12,,121.31289887428284,10.5641775,0.5555556,-2138.713,29.9218,0.05555556,2160,1.0241773,15.322615,29.9218,9.798166
1.0000002,9.805538,15.322615,,0.98900825,6.833694537215974,1.0000002,6.2278805,109.00002,0.11,7.460906,109.00002,6.2278795,,109,1.0000002,,122.47109794616699,10.526575,0.5555556,-2118.9802,36.873108,0.05555556,2180,1.0,15.322615,30.64523,9.78895
0.24183378,9.774347,15.322615,,0.98900825,7.001416094269185,0.24149455,1.541653,26.564388,0.11,9.511583,26.564388,6.374516,,110,0.24183378,,123.7787036895752,10.5146,0.53535354,-1918.8053,32.143898,0.053535353,2200,1.0014046,15.322615,30.602243,9.779818
1.10408,9.744387,15.322615,,0.98900825,7.081927932167629,0.92979646,7.105466,100.923584,0.11,15.703317,100.923584,6.448658,,111,1.10408,,124.91659307479858,10.554329,0.53535354,-1901.3357,32.91322,0.053535353,2220,1.1874427,15.322615,25.807755,9.770767
0.06434031,9.71592,15.322615,,0.98900825,7.19986925547593,0.06432594,0.40070578,1.3914034e-11,0.11,12.615701,7.204506,6.5560713,,112,0.0643403,,126.09856009483337,10.57121,0.57575756,-2249.0422,31.039097,0.05757576,2240,1.0002232,15.322615,30.638391,9.761799
1.0411525,9.683898,15.322615,,0.98900825,6.696037817143832,0.9825605,6.356396,110.81909,0.11,13.515139,110.81909,6.097587,,113,1.0411525,,127.34565544128418,10.589004,0.57575756,-2228.9778,35.27703,0.05757576,2260,1.059632,15.322615,28.920635,9.75291
7.78606e-09,9.652003,15.322615,,0.98900825,6.640124769489407,7.741894e-09,4.7090374e-08,8.8256155e-07,0.11,13.698115,8.8256155e-07,6.0477524,,114,7.786061e-09,,128.61868739128113,10.614054,0.61616164,-2605.3743,30.471394,0.061616164,2280,1.0057049,15.322615,30.471394,9.7441
1.0000001,9.616708,15.322615,,0.98900825,6.149657519095056,1.0000001,5.5931587,115.00001,0.11,10.011406,115.00001,5.5931582,,115,1.0000001,,129.8838460445404,10.600154,0.61616164,-2582.5906,36.238388,0.061616164,2300,1.0,15.322615,30.64523,9.735366
0.45554596,9.583445,15.322615,,0.98900825,6.31857783051104,0.44068775,2.6273592,51.094833,0.11,13.211485,51.094833,5.7581134,,116,0.45554593,,131.12403392791748,10.620058,0.5959596,-2360.9282,32.273056,0.05959596,2320,1.033716,15.322615,29.645697,9.726707
1.30286,9.551584,15.322615,,0.98900825,6.435222128986988,1.0287787,7.602124,114.916245,0.11,4.4678383,114.916245,5.8557415,,117,1.30286,,132.38850903511047,10.562212,0.5959596,-2340.6704,31.800549,0.05959596,2340,1.2664143,15.322615,24.198423,9.718123
0.016261538,9.520779,15.322615,,0.98900825,6.497430671335545,0.016255341,0.090954386,1.2860582e-10,0.11,9.905035,1.9181304,5.916515,,118,0.016261538,,133.47348976135254,10.556389,0.6363636,-2722.249,30.724504,0.06363636,2360,1.0003812,15.322615,30.63355,9.709613
0.9823582,9.486467,15.322615,,0.98900825,5.970567533649209,0.9664891,5.3444514,114.996445,0.11,5.2801967,114.996445,5.4379005,,119,0.9823582,,134.88065671920776,10.503818,0.6363636,-2699.2886,35.494633,0.06363636,2380,1.0164194,15.322615,30.15018,9.701174
1.000001,9.4528055,15.322615,,0.98900825,5.97970194873413,0.70710677,7.0797215,,0.11,12.409217,60.00003,5.446944,,120,1.000001,,136.12867212295532,10.517166,0.47474748,-1328.5021,28.74915,0.04747475,2400,1.414215,15.322615,21.669428,9.692806
0.9657019,9.432628,15.322615,,0.98900825,7.709536397612268,0.6795078,7.1428776,1.4030374e-09,0.11,2.9756658,60.383255,7.011288,,121,0.9657019,,137.36580204963684,10.453312,0.43434343,-1078.4376,28.706127,0.043434344,2420,1.4211786,15.322615,21.56325,9.684507
1.1601838,9.415778,15.322615,,0.98900825,8.10997688676702,0.7193267,9.372375,,0.11,8.549791,60.44888,7.3770213,,122,1.1601838,,138.6064190864563,10.436017,0.33333334,-644.3877,28.372753,0.033333335,2440,1.6128747,15.322615,19.000378,9.676276
0.950754,9.404308,15.322615,,0.98900825,8.794600728047783,0.63583755,7.816961,7.229623e-05,0.11,8.275872,60.33191,8.004973,,123,0.950754,,140.00291347503662,10.418181,0.3131313,-583.39844,28.31163,0.031313132,2460,1.4952781,15.322615,20.494669,9.668114
0.68945384,9.39453,15.322615,,0.98900825,9.00062401499575,0.51792294,5.2033563,,0.11,9.639214,60.868862,8.191745,,124,0.6894539,,141.29499077796936,10.410272,0.41414142,-951.04645,28.224281,0.04141414,2480,1.3311901,15.322615,23.020926,9.660016
1.7237656,9.380713,15.322615,,0.98900825,8.416207603521515,0.7993037,13.710249,2.828095e-09,0.11,1.010201,60.3307,7.6674814,,125,1.7237657,,142.51908540725708,10.331787,0.35353535,-693.26776,27.920326,0.035353538,2500,2.1565843,15.322615,14.210077,9.651984
1.2877398,9.369422,15.322615,,0.98900825,8.746889570138174,0.75084925,9.865386,3.488224e-09,0.11,3.6407928,61.737434,7.957999,,126,1.2877398,,143.73098397254944,10.282435,0.3939394,-843.7898,27.733864,0.039393943,2520,1.7150444,15.322615,17.868477,9.644015
1.0734643,9.355809,15.322615,,0.98900825,8.393879681651253,0.71073556,7.2181334,,0.11,12.78084,63.49535,7.640641,,127,1.0734642,,145.1747796535492,10.3026905,0.5151515,-1532.4779,27.508196,0.05151515,2540,1.5103567,15.322615,20.290062,9.63611
0.052423827,9.335093,15.322615,,0.98900825,7.358083259818703,0.04539243,0.3736483,3.9822758e-18,0.11,-2.6533115,5.784072,6.7040606,,128,0.052423827,,146.46630001068115,10.200581,0.45454547,-1132.7466,26.908558,0.045454547,2560,1.1549023,15.322615,26.53491,9.628267
1.0232853,9.318673,15.322615,,0.98900825,7.9259034447860905,0.9738032,7.3806043,125.49553,0.11,5.1620116,125.49553,7.217038,,129,1.0232853,,147.7527937889099,10.154198,0.45454547,-1123.8881,36.543953,0.045454547,2580,1.0508132,15.322615,29.163347,9.620485
1.0345892,9.302452,15.322615,,0.98900825,7.920192339592958,0.698414,7.4588294,64.068275,0.11,11.854888,64.10491,7.209831,,130,1.0345892,,148.9560387134552,10.165225,0.45454547,-1115.1196,28.146324,0.045454547,2600,1.4813408,15.322615,20.687494,9.612763
0.80826074,9.285877,15.322615,,0.98900825,7.828323488108245,0.54036707,6.3373623,,0.11,10.103235,61.966064,7.1312494,,131,0.80826074,,150.40865063667297,10.163632,0.37373737,-735.60706,26.825396,0.037373737,2620,1.4957623,15.322615,20.488033,9.605101
0.99700326,9.274829,15.322615,,0.98900825,8.595538422916983,0.6940306,5.42848,,0.11,6.700504,64.87077,7.8275294,,132,0.9970032,,151.74766850471497,10.135098,0.6363636,-2495.371,26.761137,0.06363636,2640,1.4365407,15.322615,21.332657,9.597496
1.0684044,9.247645,15.322615,,0.98900825,6.201442864778899,0.6961985,6.492136,2.3627763e-06,0.11,-49.30017,65.71621,5.6593437,,133,1.0684044,,153.057110786438,9.686847,0.57575756,-1928.4532,26.461319,0.05757576,2660,1.5346261,15.322615,19.969183,9.589949
0.7923317,9.224283,15.322615,,0.98900825,6.718214294341633,0.5384385,4.987735,1.2088997,0.11,14.397394,56.152992,6.117001,,134,0.7923317,,154.36900877952576,9.721161,0.5555556,-1751.722,25.813068,0.05555556,2680,1.4715362,15.322615,20.825333,9.582458
0.98470074,9.201983,15.322615,,0.98900825,6.8250824506574315,0.6236809,6.3837447,0.003459759,0.11,11.792517,62.797634,6.213892,,135,0.9847008,,155.81493020057678,9.734135,0.53535354,-1587.3342,25.793543,0.053535353,2700,1.5788536,15.322615,19.409798,9.575023
0.6622953,9.181008,15.322615,,0.98900825,6.97996429541174,0.4381514,5.4967747,,0.11,4.6503444,45.278564,6.349312,,136,0.6622952,,157.16392540931702,9.695545,0.2929293,-532.0139,25.770588,0.02929293,2720,1.5115671,15.322615,20.273813,9.567642
1.2981111,9.173859,15.322615,,0.98900825,9.015893299264592,0.62964755,10.65659,44.106945,0.11,-9.808063,45.08682,8.201555,,137,1.298111,,158.48601818084717,9.550161,0.3131313,-561.41376,25.52103,0.031313132,2740,2.061647,15.322615,14.864441,9.560317
1.5389259,9.167132,15.322615,,0.98900825,9.05517328243098,0.6468294,12.244791,4.539873e-12,0.11,8.671926,45.446613,8.245542,,138,1.5389259,,159.80795907974243,9.544793,0.35353535,-652.4002,25.125357,0.035353538,2760,2.3791835,15.322615,12.880566,9.553044
1.2170042,9.158247,15.322615,,0.98900825,8.713210590544058,0.7137203,7.1293006,,0.11,6.840111,68.7252,7.9320526,,139,1.2170041,,161.27426266670227,9.5279665,0.5959596,-2032.0475,25.101404,0.05959596,2780,1.7051554,15.322615,17.972103,9.545824
1.1756223,9.135824,15.322615,,0.98900825,6.5995877319531004,0.702831,6.6406054,2.8352126e-06,0.11,-19.40048,66.682945,6.0190673,,140,1.1756223,,162.62530660629272,9.321499,0.61616164,-2195.2114,24.961468,0.061616164,2800,1.6726958,15.322615,18.320862,9.538655
0.50835896,9.110732,15.322615,,0.98900825,6.151973722008275,0.34912992,3.8390958,,0.11,11.254538,46.396767,5.5978413,,141,0.50835896,,164.00690269470215,9.335119,0.41414142,-856.4757,24.885576,0.04141414,2820,1.4560739,15.322615,21.04648,9.531538
0.12639816,9.0989685,15.322615,,0.98900825,8.18158671382369,0.09906804,0.8541154,8.709334e-28,0.11,-6.433681,13.839928,7.4403467,,142,0.12639816,,165.29650950431824,9.220275,0.4949495,-1260.1051,24.873158,0.04949495,2840,1.2758722,15.322615,24.019043,9.52447
1.0717301,9.083207,15.322615,,0.98900825,7.517315709205155,0.9585824,7.325839,136.46472,0.11,5.883191,136.46472,6.8450747,,143,1.0717301,,166.80669379234314,9.190822,0.4949495,-1251.2177,34.735703,0.04949495,2860,1.1180365,15.322615,27.409864,9.517453
1.0728168,9.068117,15.322615,,0.98900825,7.582916068724964,0.6860506,7.3649096,68.34598,0.11,14.613707,70.3163,6.910201,,144,1.0728168,,167.99314403533936,9.227002,0.4949495,-1242.3978,26.962084,0.04949495,2880,1.5637577,15.322615,19.597174,9.510485
0.6744411,9.052738,15.322615,,0.98900825,7.508823623357893,0.46278685,3.6737,,0.11,12.165536,47.506363,6.8381567,,145,0.6744411,,169.30472087860107,9.2465515,0.6363636,-2309.5156,24.701792,0.06363636,2900,1.4573472,15.322615,21.028091,9.503564
0.8146992,9.028534,15.322615,,0.98900825,6.050478440159338,0.4775975,6.5781517,,0.11,-0.48429936,48.08217,5.5189056,,146,0.81469905,,170.61078119277954,9.177091,0.33333334,-595.40845,24.543173,0.033333335,2920,1.7058277,15.322615,17.965021,9.496691
1.1608503,9.02124,15.322615,,0.98900825,8.7512862697104,0.5826727,8.887187,3.4237353e-11,0.11,-28.951593,48.116573,7.9563975,,147,1.1608502,,172.0933747291565,8.915832,0.3939394,-753.90875,24.269136,0.039393943,2940,1.9922851,15.322615,15.381949,9.489865
1.6580849,9.012108,15.322615,,0.98900825,8.4186639650324,0.5971147,13.185153,1.0803829e-09,0.11,9.088199,36.573162,7.669667,,148,1.6580849,,173.36776471138,8.917147,0.35353535,-631.64526,24.221209,0.035353538,2960,2.776828,15.322615,11.036056,9.483086
1.0939509,9.00478,15.322615,,0.98900825,8.699139674475182,0.56873643,8.089969,4.1187343e-31,0.11,12.13956,49.070923,7.920173,,149,1.0939507,,174.66659331321716,8.942167,0.43434343,-899.37006,24.022182,0.043434344,2980,1.9234757,15.322615,15.932215,9.476352
0.8841262,8.993949,15.322615,,0.98900825,8.102407032599812,0.48597658,6.929183,2.9243487e-20,0.11,7.7184005,49.28281,7.3802757,,150,0.8841261,,176.05486059188843,8.933762,0.37373737,-676.30414,23.77391,0.037373737,3000,1.8192773,15.322615,16.844727,9.469663
0.8529592,8.986418,15.322615,,0.98900825,8.630361662222155,0.49041152,6.136794,,0.11,16.423111,49.798637,7.856737,,151,0.8529593,,177.66816449165344,8.981959,0.45454547,-979.2524,23.756363,0.045454547,3020,1.7392725,15.322615,17.619568,9.463017
1.0772659,8.975101,15.322615,,0.98900825,7.976969947018713,0.56755435,7.383789,1.7469925e-11,0.11,3.8490345,49.870567,7.2663617,,152,1.0772659,,179.14325499534607,8.946587,0.4949495,-1184.3097,23.529139,0.04949495,3040,1.898084,15.322615,16.14535,9.456417
1.11709,8.961525,15.322615,,0.98900825,7.5746187500581765,0.5664005,7.891266,0.81927454,0.11,15.895993,50.347797,6.8978043,,153,1.11709,,180.4479455947876,8.991663,0.47474748,-1066.4976,23.429382,0.04747475,3060,1.9722615,15.322615,15.538116,9.44986
1.197334,8.948606,15.322615,,0.98900825,7.666442494889862,0.5196461,9.837553,,0.11,9.344183,38.03642,6.971943,,154,1.1973339,,182.38147068023682,8.993861,0.3131313,-540.14124,23.137665,0.031313132,3080,2.3041334,15.322615,13.300111,9.443345
0.5266144,8.943597,15.322615,,0.98900825,8.983545962926836,0.32526776,4.368573,0.043834627,0.11,-7.3231606,38.691525,8.172283,,155,0.5266144,,183.97137331962585,8.889129,0.2929293,-516.2594,23.296852,0.02929293,3100,1.6190182,15.322615,18.92828,9.4368725
1.0612452,8.939492,15.322615,,0.98900825,9.120316188600201,0.26530477,15.449494,,0.11,11.974106,10.397765,8.30328,5.387011e-37,156,1.0612452,,185.63485383987427,8.905594,-0.07070707,-1833.4019,23.110613,-0.0070707067,3120,4.000098,15.322615,7.661119,9.430442
1.1249858,8.976869,15.322615,,0.98900825,16.443486558084736,0.39822406,12.681693,18.285439,0.11,-47.971874,25.51361,14.807597,0.072353005,157,1.1249858,,187.27606844902039,8.543514,-0.01010101,-1382.8566,23.529533,-0.001010101,3140,2.8250072,15.322615,10.847841,9.424052
1.16785,8.985761,15.322615,,0.98900825,11.407425853165309,0.455671,11.4065695,25.65625,0.11,11.199834,30.918436,10.3817425,30.918436,158,1.16785,,188.3879463672638,8.560679,0.01010101,-1248.045,23.363707,0.001010101,3160,2.5629237,15.322615,11.957137,9.418163
0.85785526,8.991658,15.322615,,0.98900825,10.870215569819354,0.3428138,10.828879,3.763479e-08,0.11,10.477793,26.406523,9.923543,4.1573203e-09,159,0.8578552,,189.56703996658325,8.573231,-0.030303031,-1500.3684,23.075243,-0.0030303032,3180,2.5023942,15.322615,12.246364,9.590574
0.9374334,9.006908,15.322615,,0.98900825,12.668701542169881,0.5130765,6.295865,,0.11,15.636875,51.76055,11.431663,,160,0.9374335,,190.84208869934082,8.616177,0.5151515,-1310.5709,23.068623,0.05151515,3200,1.8270833,15.322615,16.772758,9.584305
1.1419702,8.992645,15.322615,,0.98900825,7.348047657935323,0.4626051,10.30976,,0.11,-60.343445,31.908533,6.7105865,3.407012e-34,161,1.1419702,,192.07235550880432,8.186803,0.09090909,-842.99274,22.723953,0.00909091,3220,2.4685638,15.322615,12.414194,9.578074
1.4119285,8.991787,15.322615,,0.98900825,9.741471773587612,0.6509001,8.582809,,0.11,-60.34964,53.363556,8.853611,,162,1.4119285,,193.5260112285614,7.764046,0.57575756,-1730.0807,22.710285,0.05757576,3240,2.1691937,15.322615,14.127475,9.571882
0.66219056,8.975371,15.322615,,0.98900825,6.922966148287497,0.36283666,5.8392963,,0.11,-60.355793,40.421844,6.316095,,163,0.6621907,,194.78165483474731,7.347604,0.17171717,-602.87854,22.630854,0.017171716,3260,1.825038,15.322615,16.791557,9.565728
0.7548839,8.973424,15.322615,,0.98900825,9.519611733659634,0.435083,4.883415,,0.11,-60.361908,52.06057,8.655991,,164,0.7548839,,196.0589349269867,6.93235,0.53535354,-1432.413,22.546022,0.053535353,3280,1.7350342,15.322615,17.662607,9.559612
0.82890224,8.958666,15.322615,,0.98900825,7.171619640593251,0.4780279,4.8581977,2.2659785e-26,0.11,-49.902668,54.426437,6.538176,,165,0.82890224,,197.3212308883667,6.585943,0.5959596,-1870.1278,22.531301,0.05959596,3300,1.7340039,15.322615,17.673103,9.553534
1.5342978,8.939909,15.322615,,0.98900825,6.415094115217457,0.5162339,12.195358,,0.11,9.312889,32.87971,5.8451047,,166,1.534298,,198.77004432678223,6.6007814,0.35353535,-617.81573,22.506332,0.035353538,3320,2.9720984,15.322615,10.310974,9.547491
0.61859477,8.933596,15.322615,,0.98900825,8.669539113232542,0.35694784,4.993957,0.00268604,0.11,-18.71932,41.228096,7.885641,,167,0.61859477,,200.07336354255676,6.4516683,0.33333334,-575.0619,22.67718,0.033333335,3340,1.7330116,15.322615,17.683222,9.541485
1.1422492,8.928938,15.322615,,0.98900825,8.950758308651308,0.51067835,8.747551,5.5274016e-28,0.11,11.981565,41.412796,8.151039,,168,1.1422492,,201.35598731040955,6.482004,0.3939394,-718.0526,22.448462,0.039393943,3360,2.2367294,15.322615,13.700911,9.535515
1.15608,8.921477,15.322615,,0.98900825,8.4274390509596,0.41744617,11.32141,,0.11,-0.53497875,27.658575,7.668185,27.658575,169,1.15608,,202.74698519706726,6.440674,0.01010101,-1291.8986,22.387022,0.001010101,3380,2.769411,15.322615,11.065612,9.52958
0.89583534,8.925824,15.322615,,0.98900825,10.625122001800342,0.32841453,11.141848,,0.11,-60.397842,24.21225,9.660405,3.819784e-09,170,0.8958353,,204.23051929473877,6.0479765,-0.030303031,-1551.536,22.376434,-0.0030303032,3400,2.7277577,15.322615,11.234587,9.675251
1.1142523,8.941385,15.322615,,0.98900825,12.858739822227271,0.4463912,10.012776,,0.11,10.904001,33.79108,11.586681,,171,1.1142523,,205.64736819267273,6.0754924,0.11111111,-787.4314,22.289852,0.011111111,3420,2.4961343,15.322615,12.277076,9.669386
1.0787666,8.941945,15.322615,,0.98900825,9.920935216382116,0.44338036,9.642638,0.028516268,0.11,-3.9977264,34.234818,9.03773,,172,1.0787666,,207.00362968444824,6.0170927,0.13131313,-714.8351,22.238035,0.013131313,3440,2.43305,15.322615,12.595397,9.663554
1.0,8.9419985,15.322615,,0.98900825,9.831268464060248,0.44721362,8.524249,,0.11,13.764994,34.600002,8.951219,,173,1.0,,208.18029689788818,6.0618453,0.25252524,-511.73547,22.229214,0.025252525,3460,2.2360678,15.322615,13.704965,9.657758
0.9936786,8.939663,15.322615,,0.98900825,9.375238866443912,0.2484261,14.466252,,0.11,10.44366,10.872101,8.535602,4.316482e-37,174,0.9936786,,209.6197054386139,6.0865364,-0.07070707,-1827.8213,22.127758,-0.0070707067,3480,3.9998963,15.322615,7.661506,9.651994
1.0385536,8.972883,15.322615,,0.98900825,16.34614482744191,0.3353995,13.086194,20.467161,0.11,-44.77804,21.816757,14.753297,3.9321324e-09,175,1.0385536,,211.090802192688,5.7956934,-0.030303031,-1516.3704,22.98303,-0.0030303032,3500,3.0964673,15.322615,9.896836,9.646263
1.0462731,8.992354,15.322615,,0.98900825,13.718436113735414,0.31926203,13.16322,19.082132,0.11,13.668633,19.509258,12.399679,3.954606e-09,176,1.0462732,,212.52093315124512,5.840364,-0.030303031,-1507.6603,22.51437,-0.0030303032,3520,3.2771616,15.322615,9.35115,9.640565
1.1982685e-11,9.003294,15.322615,,0.98900825,12.075733174738644,8.603221e-12,6.520548e-11,,0.11,14.821639,1.248611e-09,10.928658,,177,1.1982685e-11,,214.01036047935486,5.8911138,0.67676765,-2631.333,22.002388,0.06767677,3540,1.3928138,15.322615,22.002388,9.634899
1.1982682e-11,8.982434,15.322615,,0.98900825,5.7843302910464285,8.60322e-12,6.5205466e-11,,0.11,-60.443825,1.255666e-09,5.2903357,,178,1.1982681e-11,,215.25564742088318,5.5128436,0.67676765,-2618.359,22.002392,0.06767677,3560,1.3928136,15.322615,22.002392,9.629266
1.1743265,8.958984,15.322615,,0.98900825,5.257468979079466,1.1743265,5.6189113,210.20445,0.11,15.938083,210.20445,4.784795,,179,1.1743265,,216.55868268013,5.5655136,0.6969697,-2810.2654,36.26414,0.06969697,3580,1.0,15.322615,30.64523,9.623663
9.7370494e-11,8.93531,15.322615,,0.98900825,5.1532293452856575,9.734469e-11,4.5742096e-10,1.7522044e-08,0.11,10.029073,1.7522044e-08,4.697714,,180,9.7370494e-11,,217.88924026489258,5.5890865,0.7373737,-3234.978,30.637106,0.073737375,3600,1.0002651,15.322615,30.637106,9.618093
0.9999884,8.909577,15.322615,,0.98900825,4.69884516322834,0.9999884,4.2775683,180.9979,0.11,13.956635,180.9979,4.277618,,181,0.9999884,,219.52967715263367,5.629806,0.7373737,-3216.9998,34.9228,0.073737375,3620,1.0,15.322615,30.64523,9.612552
0.37799156,8.883203,15.322615,,0.98900825,4.515603143491889,0.37530226,1.6177368,0.093326636,0.11,13.08138,68.30382,4.1095095,,182,0.3779916,,220.98986983299255,5.6690784,0.7171717,-2976.6252,32.04493,0.07171717,3640,1.0071658,15.322615,30.427195,9.607042
0.010017291,8.858826,15.322615,,0.98900825,4.859005686454001,0.010007349,0.041167825,4.2881855e-08,0.11,13.483131,1.8313439,4.422218,,183,0.010017291,,222.60096645355225,5.708085,0.75757575,-3412.9282,30.655983,0.07575758,3660,1.0009935,15.322615,30.614815,9.6015625
0.23910466,8.832646,15.322615,,0.98900825,4.44080751288214,0.23013227,1.1432695,2.952341e-25,0.11,9.778454,42.310818,4.041745,,184,0.23910466,,224.0571939945221,5.72484,0.67676765,-2533.3452,30.638538,0.06767677,3680,1.038988,15.322615,29.495268,9.596113
7.834584e-17,8.811801,15.322615,,0.98900825,5.472047627347802,7.8311425e-17,3.1665625e-16,,0.11,12.761206,1.4487614e-14,4.9763002,,185,7.8346015e-17,,225.68008708953857,5.7586517,0.7979798,-3863.8838,30.6317,0.079797976,3700,1.0004417,15.322615,30.6317,9.590693
1.0,8.782499,15.322615,,0.98900825,3.68984819631045,1.0,3.3617146,186.0,0.11,5.98334,186.0,3.3617148,,186,1.0,,227.08495831489563,5.7544975,0.7979798,-3843.0498,34.006943,0.079797976,3720,1.0,15.322615,30.64523,9.585302
0.33167493,8.752495,15.322615,,0.98900825,3.4776965400287154,0.33144683,1.0520191,61.980545,0.11,13.745055,61.980545,3.1717074,,187,0.33167493,,228.4588544368744,5.795602,0.8181818,-4078.1985,31.676172,0.081818186,3740,1.0006882,15.322615,30.624153,9.579941
0.022509037,8.721867,15.322615,,0.98900825,3.2858534504206283,0.022496725,0.07566722,2.9969154e-08,0.11,13.769454,4.2293835,2.9943,,188,0.022509037,,229.96796131134033,5.8342338,0.7777778,-3557.4568,30.704134,0.07777778,3760,1.0005473,15.322615,30.628468,9.574607
0.92876446,8.694332,15.322615,,0.98900825,3.8709422095665733,0.90701723,3.2638521,171.37582,0.11,8.629857,171.37582,3.5178907,,189,0.92876446,,231.40380930900574,5.843868,0.7777778,-3538.5615,33.191517,0.07777778,3780,1.0239767,15.322615,29.927664,9.569302
0.007313201,8.667852,15.322615,,0.98900825,4.0205527034926725,0.0073098135,0.021898521,3.047793e-23,0.11,13.636745,1.3888644,3.6631954,,190,0.007313201,,232.76447820663452,5.8831453,0.83838385,-4275.538,30.652931,0.08383839,3800,1.0004635,15.322615,30.631033,9.564025
5.9865662e-18,8.637806,15.322615,,0.98900825,3.205424394444979,5.9831707e-18,1.7534699e-17,1.1427854e-15,0.11,9.390632,1.1427854e-15,2.9289708,,191,5.986757e-18,,234.1444230079651,5.8963246,0.8787879,-4803.545,30.626873,0.087878786,3820,1.0005994,15.322615,30.626873,9.558776
0.99999857,8.6041155,15.322615,,0.98900825,2.395532430073203,0.99999857,2.1692128,191.99973,0.11,10.845678,191.99973,2.169216,,192,0.99999857,,235.57884097099304,5.916907,0.8787879,-4778.443,32.81444,0.087878786,3840,1.0,15.322615,30.64523,9.553554
1.3192323e-09,8.570129,15.322615,,0.98900825,2.238615666464496,1.3191299e-09,2.6973954e-09,2.5459207e-07,0.11,9.896792,2.5459207e-07,2.0446613,,193,1.3192322e-09,,236.96722984313965,5.935953,0.9191919,-5337.712,30.642855,0.09191919,3860,1.0000775,15.322615,30.642855,9.548359
1.0000004,8.532639,15.322615,,0.98900825,1.4297554270593256,1.0000004,1.2968957,194.00006,0.11,13.7828045,194.00006,1.2968953,,194,1.0000004,,238.30063104629517,5.971258,0.9191919,-5310.1,31.942125,0.09191919,3880,1.0,15.322615,30.64523,9.543191
9.969304e-18,8.496215,15.322615,,0.98900825,1.5733894455645907,9.969284e-18,1.29291465e-17,4.126414e-21,0.11,6.2801385,1.9440103e-15,1.4301147,,195,9.969499e-18,,239.67286157608032,5.971282,0.97979796,-6223.8296,30.644567,0.0979798,3900,1.0000216,15.322615,30.644567,9.53805
1.0000001,8.455159,15.322615,,0.98900825,0.48078290884692987,1.0000001,0.44934183,196.00003,0.11,4.9407983,196.00003,0.44934174,,196,1.0000001,,241.17629599571228,5.9609356,0.97979796,-6192.0234,31.094572,0.0979798,3920,1.0,15.322615,30.64523,9.532934
0.10378625,8.414792,15.322615,,0.98900825,0.5537723986726284,0.102884136,0.22502208,,0.11,7.3313093,20.26739,0.50299585,,197,0.10378625,,242.61368823051453,5.9663477,0.85858583,-4387.647,30.60388,0.08585858,3940,1.0087683,15.322615,30.378859,9.527845
1.2628983,8.383949,15.322615,,0.98900825,2.5470603688648503,1.0243413,5.545778,,0.11,3.8754005,195.48993,2.307737,,198,1.2628983,,243.99697589874268,5.951248,0.7171717,-2757.3235,30.402233,0.07171717,3960,1.2328882,15.322615,24.856455,9.522782
0.06686747,8.363513,15.322615,,0.98900825,4.754283821409974,0.06602444,0.08683311,,0.11,-7.62143,13.137778,4.3172545,,199,0.06686747,,245.31364512443542,5.882709,0.93939394,-5477.8506,30.345703,0.093939394,3980,1.0127685,15.322615,30.25887,9.517744
1.022512,8.329098,15.322615,,0.98900825,1.6100950294232104,0.9329989,2.346529,1.4423192e-16,0.11,-14.109042,185.66469,1.4803753,,200,1.022512,,246.88014364242554,5.7780857,0.85858583,-4323.2725,30.309006,0.08585858,4000,1.0959412,15.322615,27.962477,9.512732
0.062964745,8.298727,15.322615,,0.98900825,2.4493365643620337,0.06193648,0.081805825,2.318466e-27,0.11,8.616703,12.448009,2.224577,,201,0.06296475,,248.19239830970764,5.790961,0.93939394,-5423.6934,30.22657,0.093939394,4020,1.016602,15.322615,30.144764,9.507744
1.4109341,8.264146,15.322615,,0.98900825,1.4383727150390784,1.063471,6.665575,,0.11,2.0938685,195.65443,1.3132511,,202,1.4109342,,249.5709822177887,5.768023,0.6969697,-2524.8042,29.763968,0.06969697,4040,1.3267256,15.322615,23.098392,9.502781
0.015989693,8.245613,15.322615,,0.98900825,4.962084864881186,0.015453549,0.07982104,2.4567493e-13,0.11,-22.260727,3.1361258,4.502131,,203,0.015989693,,251.10413002967834,5.630181,0.65656567,-2174.5974,29.697498,0.065656565,4060,1.0346938,15.322615,29.617678,9.497843
0.93596506,8.230664,15.322615,,0.98900825,5.717112708417032,0.9203365,4.8600626,187.72296,0.11,7.675313,187.72296,5.1959977,,204,0.9359651,,252.44695591926575,5.635395,0.65656567,-2163.8743,34.99358,0.065656565,4080,1.0169815,15.322615,30.133518,9.492929
0.53430814,8.216487,15.322615,,0.98900825,5.852948980179123,0.4810873,2.7781768,8.109395,0.11,7.5514927,98.240875,5.3242283,,205,0.5343082,,253.81113362312317,5.6431355,0.65656567,-2153.2717,30.370926,0.065656565,4100,1.1106262,15.322615,27.592749,9.488039
0.090912774,8.2013,15.322615,,0.98900825,5.585130986071139,0.08370362,0.26659083,,0.11,11.002587,17.17794,5.088104,,206,0.090912774,,255.1482846736908,5.666473,0.83838385,-3955.8228,28.48173,0.08383839,4120,1.0861272,15.322615,28.21514,9.483172
0.5764749,8.174965,15.322615,,0.98900825,3.0081344378650727,0.49806887,1.6006345,101.85079,0.11,-9.802351,101.85079,2.7498157,,207,0.5764749,,256.7226414680481,5.5873485,0.83838385,-3936.7373,28.077824,0.08383839,4140,1.15742,15.322615,26.47719,9.478331
0.03260965,8.148595,15.322615,,0.98900825,2.95187468089212,0.029856049,0.016247418,,0.11,10.82842,6.1808157,2.6900249,,208,0.03260965,,258.50005555152893,5.610066,0.959596,-5559.9043,28.073753,0.0959596,4160,1.0922292,15.322615,28.057507,9.473511
1.013857,8.113009,15.322615,,0.98900825,0.7735080455763252,0.9825413,0.7142752,205.26166,0.11,0.93243474,205.26166,0.7111836,,209,1.0138569,,260.169921875,5.5830646,0.959596,-5533.272,30.412947,0.0959596,4180,1.031872,15.322615,29.698671,9.468715
0.0019269804,8.077818,15.322615,,0.98900825,0.8013294778628918,0.0017714178,0.000874623,1.6929455e-08,0.11,7.776236,0.37041786,0.7227733,,210,0.0019269803,,261.90088987350464,5.5921655,1.0,-6128.105,28.172155,0.1,4200,1.0878181,15.322615,28.17128,9.463942
0.101623364,8.04119,15.322615,,0.98900825,0.3826607351022796,0.0997152,0.035710752,21.036598,0.11,8.894015,21.036598,0.34942535,,211,0.101623364,,263.3845908641815,5.6030946,1.0,-6099.005,30.105522,0.1,4220,1.0191361,15.322615,30.06981,9.459191
0.5924096,8.003805,15.322615,,0.98900825,0.1309459945237068,0.5079869,0.09030749,105.963585,0.11,13.635614,105.963585,0.11555279,,212,0.5924096,,264.6846127510071,5.6367354,1.0,-6070.15,26.368366,0.1,4240,1.1661907,15.322615,26.278059,9.454463
2.0187874,7.9672437,15.322615,,0.98900825,0.2385099730219643,1.2749919,6.0349736,,0.11,12.826815,207.27124,0.21634331,,213,2.0187874,,266.1853897571564,5.6681275,0.8181818,-3600.5476,25.389374,0.081818186,4260,1.5833727,15.322615,19.3544,9.449757
0.9821264,7.9434805,15.322615,,0.98900825,3.1774212989724036,0.679616,3.5221283,3.3023667e-11,0.11,-6.3753557,103.79976,2.8817616,,214,0.9821265,,267.7601387500763,5.6141644,0.7777778,-3153.1245,24.728144,0.07777778,4280,1.4451197,15.322615,21.206015,9.445073
0.15234265,7.9232497,15.322615,,0.98900825,3.9485674792976138,0.122517616,0.6079365,0.41213432,0.11,9.451901,25.900146,3.5939422,,215,0.15234266,,269.18844866752625,5.6311216,0.75757575,-2939.0103,25.253563,0.07575758,4300,1.2434348,15.322615,24.645626,9.440411
0.7881776,7.903777,15.322615,,0.98900825,4.098901610869593,0.55666155,2.5948079,0.0006094088,0.11,0.3238877,101.12721,3.7172122,,216,0.7881776,,270.7137906551361,5.6026044,0.7979798,-3332.2927,24.238434,0.079797976,4320,1.415901,15.322615,21.643625,9.435771
0.64943606,7.881495,15.322615,,0.98900825,3.371631933427169,0.4250478,3.346878,,0.11,9.974451,70.301445,3.0684977,,217,0.6494361,,272.4069998264313,5.621224,0.65656567,-2074.6494,23.403797,0.065656565,4340,1.5279131,15.322615,20.05692,9.431151
1.0217496,7.8682613,15.322615,,0.98900825,5.508757539995502,0.6198313,4.78234,0.00258974,0.11,-9.085686,107.26061,4.9966545,,218,1.0217497,,274.03972578048706,5.551816,0.6969697,-2368.793,23.372875,0.06969697,4360,1.6484319,15.322615,18.590534,9.426554
0.37102225,7.854159,15.322615,,0.98900825,5.244560062177568,0.2567561,1.4165959,1.7638045e-25,0.11,13.570857,50.835945,4.779725,,219,0.37102225,,275.5148251056671,5.587848,0.75757575,-2886.1296,22.623814,0.07575758,4380,1.4450377,15.322615,21.207218,9.421977
1.3957899,7.836006,15.322615,,0.98900825,4.245652442109881,0.74283034,6.1116734,2.5498315e-08,0.11,4.939241,108.646126,3.8606024,,220,1.3957897,,276.87328338623047,5.581919,0.7171717,-2512.5642,22.420868,0.07171717,4400,1.8790156,15.322615,16.309195,9.417421
1.1053171,7.821405,15.322615,,0.98900825,5.061069630640576,0.6454658,4.563786,7.832664e-06,0.11,10.719235,107.11771,4.6091056,,221,1.1053171,,278.44349551200867,5.605988,0.7373737,-2675.6104,22.459507,0.073737375,4420,1.7124333,15.322615,17.895721,9.412887
0.039433777,7.8038273,15.322615,,0.98900825,4.30190553807266,0.02871868,0.061263874,,0.11,10.4820795,6.104992,3.9192448,,222,0.039433777,,279.8284225463867,5.627694,0.8989899,-4412.6426,22.379454,0.089898996,4440,1.3731055,15.322615,22.31819,9.408372
0.592888,7.778063,15.322615,,0.98900825,2.2472646634222535,0.39491525,1.9444875,5.757415e-37,0.11,0.96194786,71.11142,2.058252,,223,0.5928879,,281.21200037002563,5.6024723,0.7979798,-3230.2183,22.356894,0.079797976,4460,1.501304,15.322615,20.412407,9.403877
0.8384181,7.757951,15.322615,,0.98900825,3.610609285398479,0.5569795,1.9011261,8.739156e-20,0.11,1.858567,107.78131,3.2730818,,224,0.83841807,,282.8799157142639,5.5836573,0.85858583,-3880.5598,22.259424,0.08585858,4480,1.5052943,15.322615,20.358297,9.399403
1.1215814,7.734108,15.322615,,0.98900825,2.6267989088654393,0.50089186,8.287977,,0.11,9.74686,55.744736,2.3932517,,225,1.1215814,,284.46768069267273,5.600909,0.43434343,-1124.7977,21.97396,0.043434344,4500,2.239169,15.322615,13.685984,9.394949
1.0483063,7.7313056,15.322615,,0.98900825,7.828933445098652,0.3040785,13.034217,,0.11,-60.68258,22.551838,7.1007066,5.0780664e-09,226,1.0483062,,285.8569965362549,5.3076863,-0.030303031,-3193.4214,21.92337,-0.0030303032,4520,3.4474857,15.322615,8.8891535,9.390514
1.2695148,7.7511272,15.322615,,0.98900825,13.585926465543421,0.47334674,10.414955,,0.11,-60.686993,44.853344,12.23086,,227,1.2695148,,287.30255031585693,5.016992,0.3131313,-1149.4131,21.841225,0.031313132,4540,2.6819975,15.322615,11.4262705,9.386099
0.6491634,7.7536893,15.322615,,0.98900825,9.146673559876513,0.336838,5.914925,,0.11,-60.687973,45.065895,8.335284,1.4123288e-18,228,0.64916337,,288.9645757675171,4.7295656,0.07070707,-2275.5916,21.816128,0.0070707067,4560,1.9272271,15.322615,15.901202,9.381703
1.0214162,7.759172,15.322615,,0.98900825,9.899970380682095,0.70094484,0.7255529,,0.11,-23.507517,113.466736,9.009266,,229,1.0214162,,290.40311765670776,4.6045165,0.959596,-5196.4463,21.755781,0.0959596,4580,1.4571991,15.322615,21.030228,9.377327
0.94002116,7.730526,15.322615,,0.98900825,1.2313471864359005,0.4371461,7.373857,,0.11,-60.700123,56.74703,1.1705748,,230,0.9400213,,291.8873038291931,4.3198767,0.37373737,-1101.8696,21.625069,0.037373737,4600,2.1503596,15.322615,14.251211,9.37297
0.4849557,7.72938,15.322615,,0.98900825,8.235906018987917,0.28399488,3.6484356,,0.11,-60.70446,56.82645,7.4656982,,231,0.48495564,,293.33486008644104,4.0377746,0.41414142,-1108.5829,21.59459,0.04141414,4620,1.7076211,15.322615,17.946154,9.368631
1.0274229,7.7288156,15.322615,,0.98900825,8.339906365669062,0.50675243,6.457991,,0.11,10.083,65.99667,7.5983915,,232,1.0274229,,294.6967339515686,4.061468,0.5555556,-1455.9236,21.573038,0.05555556,4640,2.027465,15.322615,15.1150465,9.364311
5.9654645e-18,7.7230763,15.322615,,0.98900825,7.015937227738786,4.183405e-18,9.104844e-17,,0.11,5.9986854,8.1703596e-16,6.391723,,233,5.9656944e-18,,296.19870233535767,4.0694375,-0.17171717,-4884.018,21.489773,-0.017171716,4660,1.4260379,15.322615,21.489773,9.36001
5.965472e-18,7.758817,16.086369,,0.99925,17.832675081149617,4.18341e-18,9.104856e-17,,0.11,-60.71736,8.205436e-16,16.086369,,234,5.9657027e-18,,297.67153549194336,3.7883072,-0.17171717,-4864.5396,22.56092,-0.017171716,4680,1.4260383,16.086369,22.56092,9.355728
0.49996766,7.7968044,16.685816,,0.99938035,18.447141408271975,0.49996766,8.342368,117.4924,0.11,8.26611,117.4924,16.685816,,235,0.49996766,,299.28704023361206,3.8031154,-0.17171717,-4843.784,41.714,-0.017171716,4700,1.0,16.685816,33.37163,9.351463
0.6666203,7.8340535,16.685816,,0.9998277,18.34033310134632,0.47137177,11.090364,78.659134,0.11,5.7482395,78.66326,16.587587,,236,0.6666204,,300.73065185546875,3.8088472,-0.17171717,-4823.217,34.687668,-0.017171716,4720,1.4142137,16.685816,23.597305,9.347218
8.773548e-17,7.869666,16.685816,,0.9998277,18.013503769843986,8.747741e-17,1.4639125e-15,2.6390516e-25,0.11,5.785428,2.0732055e-14,16.274117,,237,8.7735706e-17,,302.24654841423035,3.8154044,-0.3131313,-6943.912,33.273384,-0.031313132,4740,1.0029527,16.685816,33.273384,9.342989
43.832047,7.9078245,16.951443,,0.9999717,18.72380638019106,43.832047,743.0164,10432.027,0.11,-4.6453915,10432.027,16.951443,,238,43.832047,,303.7295641899109,3.7756612,-0.27272728,-6256.3193,776.9193,-0.02727273,4760,1.0,16.951443,33.902885,9.3387785
1.013638,7.9465246,17.157192,,0.9999717,18.935243907055757,0.9616581,17.193624,12.777107,0.11,13.150017,229.48087,17.157192,,239,1.013638,,305.5674126148224,3.8266208,-0.25252524,-5916.9624,49.748352,-0.025252525,4780,1.0540524,17.157192,32.554726,9.334585
0.62974524,7.9842963,17.157192,,0.9999717,18.786019333538622,0.6162169,10.80199,0.54325056,0.11,15.868369,147.86586,17.01175,,240,0.62974524,,307.0703754425049,3.8756588,-0.3131313,-6856.97,44.379227,-0.031313132,4800,1.0219538,17.157192,33.577236,9.33041
1.1902103,8.022093,17.157192,,0.9999717,18.871587946693165,0.8167802,20.224363,4.2835927,0.11,10.669258,158.26396,17.093199,,241,1.1902102,,308.5615859031677,3.9017553,-0.25252524,-5867.7217,43.772568,-0.025252525,4820,1.4571977,17.157192,23.548203,9.326252
1.3291328,8.059374,17.157192,,0.9999717,18.818869581724993,0.7105757,22.717228,75.618774,0.11,13.843483,111.163956,17.044071,,242,1.3291328,,310.3129758834839,3.942632,-0.2929293,-6471.5396,41.06225,-0.02929293,4840,1.8705013,17.157192,18.34502,9.322111
1.4526327,8.096077,17.157192,,0.9999717,18.75279714379164,0.64208347,24.721294,87.49231,0.11,14.395343,87.49231,16.978416,,243,1.4526325,,311.71273469924927,3.9861887,-0.27272728,-6127.22,39.88872,-0.02727273,4860,2.2623734,17.157192,15.167427,9.317987
1.2122905,8.133131,17.157192,,0.9999814,18.91573563967379,0.52155656,20.714844,62.46059,0.11,13.88701,67.55146,17.137167,,244,1.2122905,,313.2074451446533,4.0279264,-0.2929293,-6418.3457,35.47772,-0.02929293,4880,2.3243701,17.157192,14.762875,9.313881
1.2002579,8.170081,17.185781,,0.9999814,18.96584547181013,0.4680412,20.526052,50.65647,0.11,13.915168,53.12156,17.185781,,245,1.2002578,,315.00054717063904,4.0686784,-0.2929293,-6392.0757,33.929264,-0.02929293,4900,2.5644276,17.185781,13.403211,9.309791
0.5104784,8.2059355,17.185781,,0.9999814,18.761552054467458,0.37169358,8.362768,1.894179e-09,0.11,12.053935,87.15711,16.99033,,246,0.5104784,,317.366007566452,4.1015663,-0.15151516,-4370.8267,33.389664,-0.015151516,4920,1.373385,17.185781,25.026896,9.305717
1.2040339,8.239798,17.185781,,0.9999814,18.31377062137539,0.44589162,20.499052,1.5898286e-07,0.11,9.536316,51.184814,16.56993,,247,1.2040339,,318.99984097480774,4.1213646,-0.27272728,-6027.8184,33.22792,-0.02727273,4940,2.7002838,17.185781,12.72887,9.301661
1.1848122,8.274872,17.185781,,0.9999814,18.707365973794744,0.4059551,20.161993,36.963203,0.11,4.6788726,42.57034,16.938095,,248,1.1848121,,320.79054713249207,4.124086,-0.27272728,-6003.479,31.938807,-0.02727273,4960,2.918579,17.185781,11.7768135,9.297621
0.8825894,8.309869,17.185781,,0.9999814,18.761719049336733,0.44329903,14.601205,1.3471922e-05,0.11,14.707987,58.53768,16.988995,,249,0.8825894,,322.3225793838501,4.1670413,-0.17171717,-4571.344,31.865044,-0.017171716,4980,1.9909573,17.185781,17.263838,9.293596
1.1965159,8.343033,17.185781,,0.9999814,18.3520736252768,0.846807,19.867254,204.84845,0.11,8.736096,204.84845,16.601168,,250,1.1965158,,323.9278893470764,4.184512,-0.1919192,-4814.603,44.19295,-0.019191919,5000,1.4129734,17.185781,24.325697,9.289588
0.42048433,8.375988,17.185781,,0.9999814,18.36423915671026,0.34263557,6.9961896,0.5755401,0.11,9.446247,85.552895,16.614666,,251,0.4204843,,326.1946358680725,4.2053027,-0.21212122,-5065.34,35.00418,-0.021212121,5020,1.2272056,17.185781,28.00799,9.285596
0.7960733,8.410027,17.185781,,0.9999814,18.72045736412389,0.5296869,13.39443,116.78526,0.11,8.811422,116.78526,16.953512,,252,0.79607326,,327.936824798584,4.2210984,-0.21212122,-5045.1846,36.264397,-0.021212121,5040,1.5029128,17.185781,22.869965,9.28162
0.95481443,8.443316,17.185781,,0.9999814,18.59867157878858,0.5203772,16.060627,90.61929,0.11,13.34945,90.61929,16.832537,,253,0.95481443,,329.6249577999115,4.2559414,-0.21212122,-5025.173,34.79325,-0.021212121,5060,1.8348505,17.185781,18.732622,9.277659
1.0105522,8.476601,17.185781,,0.9999814,18.667600237915988,0.4747062,17.01457,66.45535,0.11,9.650806,66.98487,16.897627,,254,1.0105522,,331.5328514575958,4.276569,-0.21212122,-5005.3335,33.16059,-0.021212121,5080,2.128795,17.185781,16.146019,9.273715
1.0126642,8.509524,17.185781,,0.9999814,18.634837620305046,0.42384994,17.053837,46.77185,0.11,10.145071,53.214806,16.872074,,255,1.0126642,,333.10705947875977,4.29925,-0.21212122,-4985.6504,31.440033,-0.021212121,5100,2.3892045,17.185781,14.386195,9.269786
1.1705542,8.542202,17.185781,,0.9999814,18.64184072408712,0.37553403,19.917915,0.084288105,0.11,12.860712,37.657906,16.875095,,256,1.1705542,,334.5497941970825,4.3324394,-0.27272728,-5815.6484,30.944908,-0.02727273,5120,3.117039,17.185781,11.026992,9.265872
1.1151671,8.575076,17.185781,,0.9999814,18.763309013712075,0.403341,18.796864,22.812656,0.11,8.221273,44.28823,16.990862,,257,1.1151671,,336.31027913093567,4.3479896,-0.21212122,-4946.7427,31.228596,-0.021212121,5140,2.7648246,17.185781,12.431733,9.261973
1.1199014,8.607397,17.185781,,0.9999814,18.682046312748543,0.3900085,18.955301,56.51574,0.11,14.66608,56.51574,16.91392,,258,1.1199013,,337.7761161327362,4.3881507,-0.23232323,-5199.2974,30.925287,-0.023232324,5160,2.871479,17.185781,11.969986,9.258089
1.1217567,8.639717,17.185781,,0.9999814,18.753012471766898,0.35859752,18.924932,32.504223,0.11,15.605634,34.85043,16.9783,,259,1.1217566,,339.2971541881561,4.4316673,-0.21212122,-4908.4004,29.912663,-0.021212121,5180,3.1281772,17.185781,10.987729,9.254221
1.1578945,8.672089,17.185781,,0.9999814,18.831308687480675,0.35945866,19.666683,39.06001,0.11,12.345002,42.963676,17.056183,,260,1.1578946,,340.9262776374817,4.462351,-0.25252524,-5438.0,30.337046,-0.025252525,5200,3.2212179,17.185781,10.670362,9.250367
1.1830671,8.704123,17.185781,,0.9999814,18.809840892819302,0.34703,20.100582,36.37111,0.11,11.5891075,37.01278,17.03277,,261,1.1830671,,342.62869334220886,4.490041,-0.25252524,-5417.1064,30.18282,-0.025252525,5220,3.4091203,17.185781,10.082238,9.246529
1.0856355,8.734822,17.185781,,0.9999814,18.51092365116274,0.3229427,18.30506,25.195406,0.11,17.082787,30.615252,16.747725,,262,1.0856357,,344.0895709991455,4.5385976,-0.21212122,-4852.017,28.529526,-0.021212121,5240,3.3616974,17.185781,10.224466,9.242704
1.1342734,8.765604,17.185781,,0.9999814,18.597131448565346,0.3146287,19.204138,34.451767,0.11,13.491341,34.566628,16.830158,,263,1.1342735,,345.5506854057312,4.5727854,-0.23232323,-5100.13,28.73824,-0.023232324,5260,3.6051178,17.185781,9.534102,9.238895
1.1503539,8.796586,17.185781,,0.9999814,18.715343698135236,0.30453166,19.478024,27.952572,0.11,12.366704,30.667383,16.945187,,264,1.1503539,,347.1539442539215,4.6026483,-0.23232323,-5080.7515,28.577162,-0.023232324,5280,3.7774525,17.185781,9.099138,9.2351
1.171099,8.827093,17.185781,,0.9999814,18.65266639032749,0.29815513,19.823862,27.991945,0.11,15.08176,27.991945,16.88081,,265,1.171099,,348.6537456512451,4.642602,-0.23232323,-5061.5093,28.574665,-0.023232324,5300,3.9278176,17.185781,8.750804,9.231319
0.8689157,8.857734,17.185781,,0.9999814,18.750656681203218,0.3505867,14.39672,0.0011232782,0.11,11.411441,43.992638,16.977423,,266,0.8689157,,350.146915435791,4.668541,-0.17171717,-4278.4688,28.264824,-0.017171716,5320,2.4784615,17.185781,13.868104,9.227552
1.1238694,8.886242,17.185781,,0.9999814,18.2061400570168,0.2872296,19.08194,6.873921e-05,0.11,4.843178,27.711815,16.469505,,267,1.1238694,,351.7227463722229,4.668503,-0.25252524,-5295.0977,27.86635,-0.025252525,5340,3.912791,17.185781,8.78441,9.223801
0.90083504,8.915699,17.185781,,0.9999814,18.548928183641692,0.3332009,14.914535,0.579643,0.11,8.385073,38.033264,16.780434,,268,0.9008349,,353.3979525566101,4.6826935,-0.17171717,-4246.48,27.627892,-0.017171716,5360,2.703579,17.185781,12.713356,9.220062
1.1355255,8.944659,17.185781,,0.9999814,18.45891270593213,0.2817282,19.12663,18.345533,0.11,6.2447658,24.143847,16.705992,,269,1.1355255,,354.8645164966583,4.687949,-0.21212122,-4725.429,27.654346,-0.021212121,5380,4.0305705,17.185781,8.527717,9.216337
0.8806853,8.973148,17.185781,,0.9999957,18.39430244503864,0.3131925,15.052946,8.5997576e-10,0.11,14.602598,39.446407,16.637037,,270,0.8806853,,356.319952249527,4.725038,-0.2929293,-5799.8833,27.276285,-0.02929293,5400,2.811962,17.185781,12.223339,9.212627
1.1636472,9.002182,17.185781,,0.9999957,18.607637008577544,0.26824346,19.684458,18.454447,0.11,2.4191363,23.60717,16.841211,,271,1.1636472,,358.0182616710663,4.7159295,-0.23232323,-4949.254,27.607777,-0.023232324,5420,4.338026,17.185781,7.923319,9.20893
1.1728244,9.031368,17.185781,,0.9999957,18.712719579260042,0.26226166,19.841583,20.797483,0.11,12.716145,21.795639,16.941034,,272,1.1728244,,359.5173509120941,4.7458243,-0.23232323,-4931.0,27.527596,-0.023232324,5440,4.471963,17.185781,7.6860123,9.205247
1.1769768,9.060286,17.185781,,0.9999957,18.69707907518377,0.25564867,19.912302,18.761799,0.11,14.876731,20.25288,16.925543,,273,1.1769767,,361.1110670566559,4.7834525,-0.23232323,-4912.8726,27.378078,-0.023232324,5460,4.6038833,17.185781,7.4657764,9.201577
1.1823728,9.088977,17.185781,,0.9999957,18.693887497237355,0.250067,20.00375,18.353575,0.11,17.572556,18.923218,16.921688,,274,1.1823728,,362.7926244735718,4.8306665,-0.23232323,-4894.8677,27.273193,-0.023232324,5480,4.7282243,17.185781,7.2694445,9.197921
1.1838017,9.11732,17.185781,,0.9999957,18.650696140147303,0.24402988,20.02572,16.6487,0.11,18.454464,17.765364,16.88329,,275,1.1838017,,364.2956519126892,4.880768,-0.23232323,-4876.9907,27.111103,-0.023232324,5500,4.8510523,17.185781,7.085383,9.194278
0.92419225,9.145158,17.185781,,0.9999957,18.567949067142713,0.3085048,15.315101,2.384376,0.11,9.838747,34.24024,16.800735,,276,0.9241922,,365.75324630737305,4.8992996,-0.17171717,-4123.09,26.78868,-0.017171716,5520,2.9957142,17.185781,11.473578,9.190648
1.1552501,9.173109,17.185781,,0.9999957,18.653832855090744,0.24740207,19.456263,19.737946,0.11,12.452434,20.26969,16.887526,,277,1.1552501,,367.20872926712036,4.92614,-0.21212122,-4588.519,26.81709,-0.021212121,5540,4.6695247,17.185781,7.360827,9.187032
1.1666453,9.20032,17.185781,,0.9999957,18.499439713522786,0.24337536,19.64143,19.215845,0.11,12.016951,19.215845,16.737926,,278,1.1666453,,369.0100288391113,4.9521065,-0.21212122,-4571.9595,26.811726,-0.021212121,5560,4.793605,17.185781,7.1702952,9.183428
1.154109,9.228211,17.185781,,0.9999957,18.754844725323544,0.2342611,19.437199,12.131412,0.11,16.45431,18.038141,16.98197,,279,1.1541089,,370.6103937625885,4.993834,-0.21212122,-4555.5044,26.41394,-0.021212121,5580,4.9265924,17.185781,6.976742,9.179837
1.1481202,9.255548,17.185781,,0.9999957,18.650157837260974,0.22712165,19.338634,12.909535,0.11,16.398073,17.003477,16.88224,,280,1.1481199,,372.09750294685364,5.0350256,-0.21212122,-4539.167,26.138035,-0.021212121,5600,5.055088,17.185781,6.7993994,9.176259
1.0951827,9.281905,17.185781,,0.9999957,18.41777360156722,0.25288203,18.311409,17.084179,0.11,12.606603,25.754284,16.661982,,281,1.0951827,,374.2327275276184,5.0624146,-0.1919192,-4281.933,26.24794,-0.019191919,5620,4.3308043,17.185781,7.936531,9.172694
1.1707491,9.308519,17.185781,,0.9999957,18.547933576764677,0.22189018,19.709652,14.812038,0.11,4.0037565,15.358198,16.787083,,282,1.1707492,,377.029079914093,5.0588965,-0.21212122,-4506.8965,26.224037,-0.021212121,5640,5.276255,17.185781,6.514386,9.169142
0.9271152,9.333551,17.185781,,0.9999957,18.12379218931072,0.27862024,15.3570385,30.625267,0.11,16.039833,30.625267,16.392748,,283,0.9271151,,379.7275903224945,5.0982237,-0.17171717,-4020.7554,25.686516,-0.017171716,5660,3.3275223,17.185781,10.329476,9.165602
1.1102768,9.359408,17.185781,,0.9999957,18.43602734854809,0.23969625,18.561872,22.699589,0.11,17.458803,22.699589,16.677046,,284,1.1102767,,381.5980370044708,5.141368,-0.1919192,-4236.543,25.982307,-0.019191919,5680,4.632015,17.185781,7.420434,9.162075
1.1122242,9.385507,17.185781,,0.9999957,18.560101250784843,0.2330586,18.599806,16.005142,0.11,13.137522,21.093552,16.797327,,285,1.1122241,,383.4821264743805,5.1697206,-0.1919192,-4221.622,25.80212,-0.019191919,5700,4.7722936,17.185781,7.2023153,9.15856
1.1170552,9.411204,17.185781,,0.9999957,18.499786340646114,0.22781418,18.682085,16.09467,0.11,16.188652,19.708847,16.73502,,286,1.1170552,,385.2641427516937,5.208555,-0.1919192,-4206.7944,25.691881,-0.019191919,5720,4.903361,17.185781,7.0097966,9.155057
1.1305852,9.436686,17.185781,,0.9999957,18.483835567330235,0.22537994,18.909101,18.033772,0.11,16.569778,18.50271,16.724493,,287,1.1305852,,386.79158425331116,5.248468,-0.1919192,-4192.0693,25.761005,-0.019191919,5740,5.016352,17.185781,6.851904,9.1515665
1.1433022,9.4618845,17.185781,,0.9999957,18.453180518532964,0.22306286,19.12054,17.587282,0.11,11.53173,17.587282,16.693699,,288,1.1433022,,388.5413827896118,5.2706594,-0.1919192,-4177.4634,25.82657,-0.019191919,5760,5.125471,17.185781,6.70603,9.148088
2.6632011e-17,9.486909,17.185781,,0.9999957,18.450397251260746,1.9818007e-17,4.5729355e-16,,0.11,17.626305,5.3394835e-15,16.693813,,289,2.66323e-17,,391.67761397361755,5.3138304,-0.47474748,-8205.18,25.577057,-0.04747475,5780,1.3438436,17.185781,25.577057,9.144623
1.1795813,9.513662,17.245665,,0.9999957,19.028652466906674,1.1598077,20.340693,336.3305,0.11,-6.1660304,336.3305,17.245665,,290,1.1795813,,394.66003155708313,5.2708025,-0.35353535,-6250.4927,54.253838,-0.035353538,5800,1.0170491,17.245665,33.913143,9.141169
8.674162,9.540585,17.347704,,0.99999785,19.13230652451078,8.67408,150.47678,2524.1572,0.11,7.9159617,2524.1572,17.347704,,291,8.674162,,396.35505294799805,5.279176,-0.43434343,-7475.6245,185.17186,-0.043434344,5820,1.0000094,17.347704,34.69508,9.137726
2.8659794,9.567092,17.347704,,0.99999785,19.065184847063115,2.493672,49.54947,720.56195,0.11,12.292676,720.56195,17.281065,,292,2.8659792,,399.5176224708557,5.307548,-0.3939394,-6812.2065,79.73775,-0.039393943,5840,1.1493008,17.347704,30.188274,9.134295
1.3473103,9.59363,17.347704,,0.99999785,19.12639759291357,0.9043697,23.364845,179.59827,0.11,13.053376,193.64093,17.342813,,293,1.3473103,,401.4397988319397,5.336002,-0.43434343,-7424.478,46.65382,-0.043434344,5860,1.4897783,17.347704,23.288975,9.130877
1.3808893,9.619785,17.347704,,0.99999785,19.06601453693476,0.8405832,23.8753,143.87152,0.11,11.185855,194.9147,17.283218,,294,1.3808892,,403.163934469223,5.3560967,-0.3939394,-6765.7563,44.995296,-0.039393943,5880,1.6427752,17.347704,21.119997,9.127469
1.1207749,9.645943,17.347704,,0.99999785,19.121525164430782,0.6763057,19.43267,151.73936,0.11,11.623057,151.73936,17.336014,,295,1.1207749,,406.6572320461273,5.3777623,-0.45454547,-7701.9756,40.368813,-0.045454547,5900,1.6572015,17.347704,20.936142,9.124074
1.2137887,9.671651,17.347704,,0.99999785,19.037853445190592,0.65978545,20.95661,150.7627,0.11,7.888262,150.7627,17.255495,,296,1.2137887,,409.8997061252594,5.3860583,-0.37373737,-6417.6655,39.816174,-0.037373737,5920,1.8396719,17.347704,18.859564,9.120689
1.0740681,9.697501,17.349432,,0.99999785,19.135310277423866,0.5434554,18.625822,82.37315,0.11,14.514087,100.859604,17.349432,,297,1.0740681,,413.1073603630066,5.416939,-0.45454547,-7650.028,36.1827,-0.045454547,5940,1.9763683,17.349432,17.55688,9.117317
1.2459651,9.722926,17.349432,,0.99999785,19.05677243350501,0.55325127,21.532963,87.89843,0.11,13.808661,88.480934,17.274292,,298,1.2459652,,415.5176930427551,5.4449377,-0.3939394,-6674.7417,36.940445,-0.039393943,5960,2.2520785,17.349432,15.407484,9.1139555
9.353256e-17,9.748453,17.355288,,0.99999785,19.14069306491587,9.331805e-17,1.6214839e-15,8.0176e-21,0.11,16.483719,2.7902073e-14,17.355288,,299,9.353286e-17,,417.42034125328064,5.482249,-0.65656567,-11280.4795,34.630856,-0.065656565,5980,1.0023019,17.355288,34.630856,9.110605
1.3410488,9.773841,17.364916,,0.99999785,19.14850979837182,0.49031255,23.2512,39.908333,0.11,-0.11546681,69.1747,17.364916,,300,1.3410488,,419.00487780570984,5.460263,-0.43434343,-7250.9043,35.949074,-0.043434344,6000,2.7350898,17.364916,12.697876,9.107266
1.2196985,9.799059,17.364916,,0.99999785,19.151872012975392,1.2196985,21.179314,367.12927,0.11,4.0925646,367.12927,17.364384,,301,1.2196985,,420.5351457595825,5.4565034,-0.67676765,-11615.652,55.909145,-0.06767677,6020,1.0,17.364916,34.72983,9.103939
0.5494882,9.824001,17.364916,,0.99999785,19.11605488024316,0.5494882,9.541524,2.3289998e-17,0.11,3.3738825,165.94543,17.331509,,302,0.5494882,,422.24651765823364,5.448941,-0.67676765,-11577.306,44.271355,-0.06767677,6040,1.0,17.364916,34.72983,9.100622
0.7167007,9.848904,17.369347,,0.99999785,19.1553327275056,0.5068113,12.446863,109.70876,0.11,10.029372,109.70876,17.369347,,303,0.7167007,,423.9165711402893,5.462209,-0.67676765,-11539.048,37.01216,-0.06767677,6060,1.414137,17.369347,24.565296,9.097316
0.5866415,9.873658,17.374226,,0.99999785,19.160308331183384,0.42798227,10.191106,124.35639,0.11,4.044614,124.35639,17.374226,,304,0.5866415,,425.7014672756195,5.4562774,-0.6363636,-10696.975,35.541718,-0.06363636,6080,1.3707144,17.374226,25.350613,9.094022
1.249388,9.898234,17.374226,,0.99999785,19.15633581644356,0.48231253,21.66938,1.9235849e-14,0.11,10.1520605,69.0606,17.369442,,305,1.249388,,427.4684474468231,5.4700813,-0.45454547,-7449.509,35.083637,-0.045454547,6100,2.5904117,17.374226,13.414258,9.090737
2.05507,9.922641,17.374226,,0.99999785,19.152612310676677,2.0007026,35.690342,612.0426,0.11,3.2544923,612.0426,17.366796,,306,2.05507,,429.0631287097931,5.4633255,-0.5959596,-9859.902,69.519516,-0.05959596,6120,1.0271741,17.374226,33.829174,9.087464
0.71946836,9.946803,17.374226,,0.99999785,19.125664123812243,0.6682229,12.495203,0.002710274,0.11,11.44741,204.67142,17.340464,,307,0.7194684,,430.6899197101593,5.48332,-0.5959596,-9827.768,44.76863,-0.05959596,6140,1.0766892,17.374226,32.273426,9.084202
0.8176842,9.970846,17.374226,,0.99999785,19.13594574067298,0.5444963,14.195406,112.99327,0.11,10.612749,123.20169,17.351871,,308,0.8176842,,432.56972908973694,5.498559,-0.5959596,-9795.809,37.334415,-0.05959596,6160,1.5017259,17.374226,23.13901,9.080949
1.1031952,9.99474,17.374226,,0.99999785,19.140920952121114,0.5084377,19.132547,0.0002944763,0.11,12.944003,122.59281,17.354095,,309,1.1031952,,434.3033995628357,5.5216846,-0.47474748,-7673.881,35.147324,-0.04747475,6180,2.1697745,17.374226,16.014774,9.077708
2.4948604,10.018569,17.381704,,0.99999785,19.168370184079283,2.3384702,43.361103,724.37415,0.11,13.302383,724.37415,17.381704,,310,2.4948604,,436.0329866409302,5.5467734,-0.5555556,-9006.64,75.94537,-0.05555556,6200,1.0668771,17.381704,32.584267,9.074477
1.4729381,10.0421095,17.381704,,0.99999785,19.12443126059303,0.9408383,25.572533,193.54723,0.11,7.18236,217.7938,17.339918,,311,1.4729382,,439.4577159881592,5.553192,-0.5555556,-8977.639,47.777634,-0.05555556,6220,1.5655594,17.381704,22.205103,9.071257
1.3145068,10.065674,17.393942,,0.99999785,19.17985568515138,0.6817131,22.833466,117.25129,0.11,9.593425,128.50313,17.393942,,312,1.3145066,,442.7053234577179,5.5666633,-0.5555556,-8948.819,40.874725,-0.05555556,6240,1.9282403,17.393942,18.04126,9.068046
1.2663491,10.088911,17.393942,,0.99999785,19.125006551919796,0.57031494,21.987526,89.95337,0.11,13.411098,91.30808,17.339197,,313,1.266349,,445.13577246665955,5.592142,-0.5555556,-8920.171,37.65465,-0.05555556,6260,2.220438,17.393942,15.667127,9.064846
1.2445197,10.112038,17.393942,,0.99999785,19.1361557570192,0.50371265,21.605463,73.099846,0.11,10.715254,73.099846,17.350372,,314,1.2445196,,446.9780693054199,5.608872,-0.5555556,-8891.715,35.685673,-0.05555556,6280,2.4706936,17.393942,14.08021,9.061656
1.223168,10.135054,17.393942,,0.99999785,19.148243988395013,0.45377922,21.235073,58.86523,0.11,13.365168,59.484528,17.362171,,315,1.2231681,,448.86179184913635,5.6339245,-0.5555556,-8863.432,34.14092,-0.05555556,6300,2.6955137,17.393942,12.905846,9.058476
0.695848,10.157887,17.393942,,0.99999785,19.133238258881782,0.44055423,12.003761,4.108327e-14,0.11,-0.18391143,124.63636,17.350574,,316,0.6958479,,450.68919348716736,5.6159334,-0.35353535,-5737.4316,34.028618,-0.035353538,6320,1.579483,17.393942,22.024855,9.055306
1.3833128,10.1805935,17.393942,,0.99999785,19.138458358002048,0.499397,24.0116,93.54946,0.11,1.4777949,93.54946,17.35574,,317,1.3833128,,452.5487768650055,5.601675,-0.53535354,-8464.077,36.570557,-0.053535353,6340,2.7699661,17.393942,12.558956,9.052147
1.176663,10.203079,17.393942,,0.99999785,19.114270449904122,0.41453406,20.42462,0.00070914265,0.11,4.196182,72.46077,17.331036,,318,1.1766629,,454.6701843738556,5.5981207,-0.53535354,-8437.47,32.680264,-0.053535353,6360,2.8385193,17.393942,12.255645,9.048998
0.8470639,10.22567,17.409449,,0.99999785,19.196478333889893,0.43107128,14.712304,0.0002959307,0.11,12.182514,77.827965,17.409449,,319,0.84706384,,456.48859119415283,5.6190763,-0.67676765,-10960.37,32.431664,-0.06767677,6380,1.9650203,17.409449,17.719358,9.045858
1.1632231,10.248053,17.409449,,0.99999785,19.174933632595796,0.40850747,20.140171,5.163832e-09,0.11,7.1172447,64.86078,17.388393,,320,1.1632233,,458.08331513404846,5.6230326,-0.41414142,-6503.561,32.368073,-0.04141414,6400,2.8474958,17.409449,12.227901,9.042728
1.2165846,10.27007,17.409449,,0.99999785,19.099435214348595,0.4614607,21.114515,72.00759,0.11,-2.541008,72.00759,17.315296,,321,1.2165847,,460.0340623855591,5.5978785,-0.5959596,-9398.738,34.321613,-0.05959596,6420,2.6363776,17.409449,13.207098,9.039608
1.0823154,10.291933,17.409449,,0.99999785,19.09557169947042,0.5039857,18.76013,125.629944,0.11,11.332997,125.629944,17.310097,,322,1.0823154,,461.7908525466919,5.616075,-0.4949495,-7679.118,34.973724,-0.04949495,6440,2.1475122,17.409449,16.213596,9.036497
1.2021387,10.31384,17.409449,,0.99999785,19.15312889160437,0.41701582,20.866562,53.009132,0.11,5.0928473,59.180363,17.367823,,323,1.2021387,,463.5676085948944,5.61439,-0.5959596,-9340.49,32.94506,-0.05959596,6460,2.8827171,17.409449,12.0785,9.033397
1.3043747,10.335485,17.409449,,0.99999785,19.111888446978956,0.38693208,22.637247,47.63189,0.11,13.33264,55.319233,17.326717,,324,1.3043747,,465.4966058731079,5.6385994,-0.53535354,-8281.04,32.96599,-0.053535353,6480,3.371069,17.409449,10.328741,9.030306
1.2871022,10.357172,17.409449,,0.99999785,19.170514057802066,0.34201047,22.348282,33.966747,0.11,14.468577,34.71989,17.383907,,325,1.2871022,,467.272705078125,5.6664968,-0.5555556,-8590.459,31.600403,-0.05555556,6500,3.7633417,17.409449,9.252122,9.027224
1.2828448,10.378572,17.409449,,0.99999785,19.118257850819724,0.35230178,22.262123,46.951958,0.11,14.737299,46.951958,17.333641,,326,1.2828448,,469.3314371109009,5.695038,-0.53535354,-8230.125,31.824276,-0.053535353,6520,3.6413236,17.409449,9.562154,9.024152
1.2711138,10.399988,17.409449,,0.99999785,19.168482968584044,0.3338757,22.061663,32.834564,0.11,15.827639,41.166924,17.38164,,327,1.2711139,,471.0883204936981,5.726717,-0.53535354,-8204.897,31.207329,-0.053535353,6540,3.8071473,17.409449,9.145666,9.021089
0.5351212,10.42122,17.409449,,0.99999785,19.149408839110965,0.3250845,9.231104,8.680523e-18,0.11,13.176316,92.63397,17.363928,,328,0.5351212,,472.8165910243988,5.7501006,-0.35353535,-5528.258,30.383478,-0.035353538,6560,1.6460987,17.409449,21.152374,9.018036
1.19096,10.442254,17.409449,,0.99999785,19.125763618874025,0.37242952,20.653347,45.18457,0.11,11.395601,47.42036,17.341358,,329,1.19096,,475.9458260536194,5.765713,-0.45454547,-6905.716,31.541693,-0.045454547,6580,3.1978133,17.409449,10.888346,9.014991
1.0968218,10.462804,17.409449,,0.99999785,19.00540964681374,0.354218,19.039492,8.4533855e-23,0.11,6.1073146,49.825985,17.22379,,330,1.0968218,,477.89461183547974,5.7671375,-0.5959596,-9142.26,30.284237,-0.05959596,6600,3.0964596,17.409449,11.244744,9.011956
1.1548777,10.483658,17.409449,,0.99999785,19.150415061693764,0.37167528,20.02891,54.649723,0.11,10.38472,56.24786,17.365536,,331,1.1548775,,479.6818346977234,5.7812114,-0.47474748,-7163.284,31.234707,-0.04747475,6620,3.1072218,17.409449,11.205797,9.00893
1.1116387,10.50443,17.409449,,0.99999785,19.167370509834416,0.33689025,19.299746,41.715992,0.11,16.518307,43.552124,17.379704,,332,1.1116388,,481.8691258430481,5.8138313,-0.5959596,-9087.112,29.851868,-0.05959596,6640,3.299706,17.409449,10.552121,9.005914
1.1798679,10.524962,17.409449,,0.99999785,19.126899100921495,0.35876134,20.462082,48.87262,0.11,10.450332,48.87262,17.341805,,333,1.1798677,,483.60687589645386,5.8279366,-0.47474748,-7120.196,31.049433,-0.04747475,6660,3.288726,17.409449,10.587351,9.002907
1.2049497,10.54539,17.409449,,0.99999785,19.133746297314758,0.29753017,20.914003,14.719073,0.11,13.7459545,35.42903,17.34788,,334,1.2049497,,485.9784336090088,5.852008,-0.53535354,-8032.744,29.5116,-0.053535353,6680,4.0498405,17.409449,8.597597,8.999908
1.176556,10.565609,17.409449,,0.99999785,19.103960359220277,0.34025198,20.401667,42.521324,0.11,16.92544,42.521324,17.318714,,335,1.1765559,,488.21254992485046,5.885555,-0.47474748,-7077.594,30.471056,-0.04747475,6700,3.4578958,17.409449,10.069389,8.996919
1.1810839,10.585881,17.409449,,0.99999785,19.16316228812189,0.32565,20.484264,36.59975,0.11,13.877221,37.84465,17.37722,,336,1.1810839,,490.3273491859436,5.909708,-0.47474748,-7056.4785,30.084576,-0.04747475,6720,3.6268506,17.409449,9.600312,8.9939375
0.684064,10.605951,17.409449,,0.99999785,19.13399247603861,0.344451,11.881143,2.9585883e-09,0.11,12.401505,65.6728,17.349186,,337,0.684064,,492.1135609149933,5.9293656,-0.67676765,-10375.4375,29.41372,-0.06767677,6740,1.9859543,17.409449,17.532578,8.990966
1.2611197,10.625794,17.409449,,0.99999785,19.09729218276437,0.2902614,21.886528,19.500065,0.11,1.1880777,31.261612,17.31322,,338,1.2611196,,493.7202491760254,5.914251,-0.53535354,-7937.5244,29.900503,-0.053535353,6760,4.3447723,17.409449,8.013975,8.988003
1.1347374,10.645703,17.409449,,0.99999785,19.162383195789975,0.31918883,19.701204,37.765728,0.11,9.775408,39.106247,17.374886,,339,1.1347373,,495.96490836143494,5.9262967,-0.5959596,-8899.297,29.495369,-0.05959596,6780,3.5550656,17.409449,9.794165,8.985049
1.2491297,10.665569,17.409449,,0.99999785,19.186050542341807,0.27933043,21.681938,26.52181,0.11,11.636538,28.744743,17.399803,,340,1.2491298,,497.65411472320557,5.9433527,-0.53535354,-7890.7627,29.468142,-0.053535353,6800,4.4718714,17.409449,7.786203,8.982103
0.9377761,10.685232,17.409449,,0.99999785,19.15694320535418,0.3526749,16.203754,1.280751e-10,0.11,12.708757,61.11578,17.371033,,341,0.9377761,,499.2794396877289,5.9638176,-0.3939394,-5834.1357,29.2983,-0.039393943,6820,2.6590383,17.409449,13.094545,8.979167
1.2723166,10.704799,17.409449,,0.99999785,19.162049074653847,0.27174854,22.0861,23.81105,0.11,12.905568,26.65991,17.37655,,342,1.2723165,,501.57793140411377,5.9837723,-0.53535354,-7844.528,29.522917,-0.053535353,6840,4.6819625,17.409449,7.4368167,8.976238
1.1345795,10.724054,17.409449,,0.99999785,19.094692851454653,0.29226336,19.677872,11.738594,0.11,10.817783,34.21843,17.309566,,343,1.1345795,,503.80701446533203,5.99856,-0.47474748,-6912.291,28.647087,-0.04747475,6860,3.882045,17.409449,8.969215,8.973319
1.2580585,10.743293,17.409449,,0.99999785,19.12787420173488,0.26238438,21.837622,23.565355,0.11,13.741248,24.700861,17.34238,,344,1.2580587,,506.7104434967041,6.021345,-0.53535354,-7798.8545,29.099552,-0.053535353,6880,4.7947164,17.409449,7.2619305,8.9704075
1.2218461,10.76245,17.409449,,0.99999785,19.138624456916574,0.27296194,21.20185,33.56209,0.11,13.314285,33.56209,17.35254,,345,1.2218461,,509.6839098930359,6.0431414,-0.5151515,-7467.72,28.980436,-0.05151515,6900,4.4762506,17.409449,7.7785854,8.9675045
