MaxIWNorm,StdIW,TimeElapsed,MeanIW,LQGsigma,EpRewMean,InitialBound,StdIWNorm,EmpiricalD2,ReturnStepMaxmin,J_sample_variance,Bound,MinIWNorm,InitialReturnMax,ESSClassic,ESSRenyi,ReturnStepMax,EpLenMean,MeanIWNorm,EpisodesSoFar,InitialReturnMean,EpThisIter,Iteration,ReturnMeanIW,TimestepsSoFar,MinIW,MeanEntropy,InitialReturnStd,LQGmu,InitialReturnMin,MaxIW
0.04413331,0.6914341,0.863140344619751,0.17160341,[[1.]],-59.99863544903767,-60.87005,0.0046095606,68.41151,20.990046,377.16397,-12.783762,2.367715e-11,-23.783024,8.703268,2.1926136,20.990046,20.0,0.0011440228,150,-59.998634,150,1,-5.5762205,3000,3.5515724e-09,0.97683465,17.261135,[[-0.466]],-106.19053,6.619996
0.092616506,1.5249249,2.2605478763580322,0.39062166,[[0.643]],-26.891106363694256,-27.41098,0.010166165,77.14165,19.071436,395.3805,-10.398336,5.991536e-12,-10.277428,9.236467,1.9444749,19.071436,20.0,0.0026041446,300,-26.891106,150,2,-5.8322845,6000,8.9873037e-10,0.557435,11.076448,[[-0.459]],-63.351902,13.892476
0.06355158,1.0460579,3.6508076190948486,0.5340412,[[0.423]],-16.515158139275044,-16.808508,0.00697372,89.71266,17.55314,723.70386,-11.971493,6.2281004e-05,-3.830105,31.01265,1.6720048,17.55314,20.0,0.0035602753,450,-16.51516,150,3,-9.192993,9000,0.009342151,0.6063832,8.213805,[[-0.602]],-35.747585,9.532737
0.038236372,1.0578893,4.97385835647583,0.81918967,[[0.444]],-18.88476348763353,-19.32192,0.007052596,21.408997,17.115011,371.26746,-15.204661,7.572304e-07,-4.579457,56.228725,7.0064,17.115011,20.0,0.0054612644,600,-18.884764,150,4,-13.181944,12000,0.00011358456,0.5956115,9.760139,[[-0.329]],-53.272152,5.7354555
0.019374095,0.337625,6.124118804931641,0.9823889,[[0.439]],-15.692809261782674,-15.980377,0.0022508334,1.0817661,17.588501,108.055405,-15.76397,0.0029698107,-4.7208023,134.15448,138.66214,17.588501,20.0,0.0065492596,750,-15.692807,150,5,-15.464877,15000,0.44547158,0.5957639,6.6249886,[[-0.522]],-35.04312,2.906114
0.12864617,2.0981653,6.994351148605347,0.47248322,[[0.439]],-18.562139238311445,-18.888504,0.0139877675,77.426254,18.549618,209.74136,-7.2529974,8.936822e-11,-4.1512113,7.2393866,1.9373274,18.549618,20.0,0.003149888,900,-18.56214,150,6,-4.3812437,18000,1.34052325e-08,0.23203813,8.525503,[[-0.48]],-39.770985,19.296925
0.064998046,1.5284543,8.251661539077759,0.55948895,[[0.305]],-12.711467298148369,-12.968581,0.010189696,61.290646,17.919556,198.39471,-6.716159,2.1016078e-11,-2.0968053,17.723907,2.4473555,17.919556,20.0,0.0037299264,1050,-12.711467,150,7,-4.703259,21000,3.1524117e-09,-0.007055521,7.1620574,[[-0.673]],-31.332012,9.749706
0.041872043,1.0621228,9.436078786849976,0.61067295,[[0.24]],-10.421298713862498,-10.637715,0.007080819,81.55182,20.367067,75.17073,-6.361827,2.105431e-06,-1.3672727,37.26665,1.8393214,20.367067,20.0,0.0040711532,1200,-10.421299,150,8,-4.4074464,24000,0.00031581463,-0.06416766,7.1699452,[[-0.864]],-26.372755,6.2808065
0.14694142,2.4292257,10.58558988571167,0.8785674,[[0.227]],-10.767011122647382,-10.99765,0.016194837,24.153591,18.290693,1201.678,-9.704175,6.2527065e-06,-1.2538786,17.350786,6.2102566,18.290693,20.0,0.005857116,1350,-10.767012,150,9,-8.570675,27000,0.0009379059,-0.14776528,7.2640543,[[-0.626]],-28.105677,22.041214
0.021815114,0.4853397,11.954806327819824,0.9703361,[[0.209]],-10.498220085104245,-10.733147,0.003235598,1.2229106,16.81183,112.49885,-10.08345,0.0011211256,-0.84456736,119.983025,122.65819,16.81183,20.0,0.0064689075,1500,-10.4982195,150,10,-9.823656,30000,0.16816884,-0.15674894,7.737579,[[-0.47]],-28.628334,3.2722669
0.010172973,0.20014685,13.085952281951904,0.9886365,[[0.207]],-10.248088072986095,-10.471859,0.0013343126,1.0397216,17.42695,55.236683,-10.147824,0.0031504454,-0.9451442,144.09431,144.2694,17.42695,20.0,0.00659091,1650,-10.248089,150,11,-9.919653,33000,0.4725668,-0.18659975,7.3721323,[[-0.505]],-27.26874,1.5259459
0.07108748,1.3927802,14.393840312957764,0.71300733,[[0.201]],-10.463860456710481,-10.688327,0.0092852,35.86174,17.737461,122.217415,-6.1739807,2.4983767e-06,-1.4154016,31.14796,4.1827307,17.737461,20.0,0.0047533824,1800,-10.46386,150,12,-4.82978,36000,0.0003747565,-0.2642293,7.6892195,[[-0.508]],-27.353424,10.663122
0.006666667,,15.608226537704468,1.0,[[0.186]],-10.470132067867416,-10.703504,4.656613e-10,1.0,16.216566,65.88717,-10.703504,0.006666667,-1.0248635,150.0,150.0,16.216566,20.0,0.0066666673,1950,-10.470133,150,13,-10.470133,39000,1.0,-0.2642293,8.089989,[[-0.373]],-28.438713,1.0
0.062304765,1.0980227,16.381174325942993,0.68081117,[[0.186]],-10.963398042635523,-11.197271,0.007320151,68.59453,17.016459,167.07585,-7.1304812,3.1404727e-07,-0.7932007,41.65309,2.1867633,17.016459,20.0,0.004538741,2100,-10.963398,150,14,-5.1934958,42000,4.710709e-05,-0.3723127,8.199776,[[-0.373]],-28.500002,9.345715
0.039012693,0.94669837,17.57105803489685,0.6857806,[[0.167]],-9.645255105267866,-9.859205,0.0063113226,37.093014,16.768898,53.4085,-5.519665,1.2245889e-06,-1.1723508,51.622803,4.043888,16.768898,20.0,0.0045718714,2250,-9.645255,150,15,-4.2166204,45000,0.00018368833,-0.38408065,7.671264,[[-0.495]],-26.072126,5.851904
0.103228234,1.4620092,19.304510354995728,0.8270263,[[0.165]],-9.193244275477879,-9.39882,0.0097467275,6.2942767,18.403524,343.49652,-6.6017036,4.1561478e-05,-0.88342243,36.36291,23.831173,18.403524,20.0,0.005513509,2400,-9.193245,150,16,-6.085948,48000,0.0062342216,-0.36318156,7.3722906,[[-0.605]],-25.051529,15.484235
0.047645412,0.9763949,21.046963453292847,0.76956356,[[0.168]],-9.052002031038842,-9.272576,0.006509299,28.206045,17.279669,249.9786,-7.0798798,3.7048214e-06,-0.88417614,57.47647,5.318009,17.279669,20.0,0.0051304237,2550,-9.052001,150,17,-5.9084263,51000,0.0005557232,-0.3718009,7.487025,[[-0.515]],-26.879251,7.1468115
0.117916316,1.5981153,22.198342323303223,0.2856643,[[0.167]],-9.574821051859955,-9.781926,0.010654102,120.525154,18.068436,31.251053,-3.481413,5.348643e-13,-0.569256,4.6443777,1.2445534,18.068436,20.0,0.0019044286,2700,-9.5748205,150,18,-1.2077285,54000,8.022964e-11,-0.8452264,7.634885,[[-0.627]],-25.237978,17.687447
0.01015555,0.20864268,23.421669244766235,0.9868995,[[0.104]],-8.762241554635667,-8.959709,0.0013909512,1.0427451,19.000702,52.113407,-8.690987,0.003033038,-0.2628103,143.58255,143.85107,19.000702,20.0,0.00657933,2850,-8.762241,150,19,-8.489342,57000,0.4549557,-0.8682652,7.018236,[[-0.59]],-24.063595,1.5233325
0.05569436,1.5662698,24.728803396224976,0.7979238,[[0.102]],-8.594587370453667,-8.786201,0.010441799,69.619286,17.263172,159.66505,-5.516326,9.1148416e-07,-0.20205411,30.908081,2.1545753,17.263172,20.0,0.0053194915,3000,-8.594587,150,20,-3.9175436,60000,0.00013672262,-0.91908723,6.8781815,[[-0.597]],-23.350052,8.354154
0.093130864,1.4901111,25.69560480117798,0.9251305,[[0.097]],-8.993956744821617,-9.194243,0.009934073,6.775156,17.774458,622.42993,-8.375397,5.6592644e-06,-0.24133341,41.731976,22.139711,17.774458,20.0,0.006167538,3150,-8.993956,150,21,-7.854071,63000,0.00084888964,-0.94092643,7.9884877,[[-0.49]],-24.406921,13.969629
0.059368733,1.1376113,26.637035846710205,0.73058534,[[0.094]],-8.938573060309722,-9.137561,0.0075840754,30.186674,17.933804,394.17435,-6.8158216,6.4340957e-06,-0.24388927,43.80032,4.96908,17.933804,20.0,0.004870569,3300,-8.938574,150,22,-5.7225356,66000,0.00096511433,-0.92688006,7.3571506,[[-0.545]],-24.248758,8.90531
0.06326171,1.2542104,27.639379501342773,0.7553366,[[0.096]],-8.158221957171275,-8.353524,0.008361403,34.414165,18.523092,112.089134,-5.5658793,2.562936e-06,-0.22019354,39.923916,4.35867,18.523092,20.0,0.005035578,3450,-8.158222,150,23,-4.4201694,69000,0.00038444038,-0.92853636,6.93247,[[-0.609]],-23.79958,9.489256
0.09936607,1.6974053,28.48766279220581,1.0379477,[[0.096]],-7.468167094076501,-7.6600256,0.011316038,13.101319,19.570524,411.3284,-6.4258595,1.7208273e-05,-0.19780298,40.82341,11.449228,19.570524,20.0,0.006919651,3600,-7.4681673,150,24,-5.7314124,72000,0.0025812408,-0.92967635,6.5108256,[[-0.685]],-23.380026,14.90491
0.032704994,0.7981902,29.37745237350464,0.6376797,[[0.096]],-8.130666674706873,-8.326126,0.005321268,40.51746,18.373304,45.56742,-4.7705994,8.0625405e-06,-0.3348512,58.439022,3.7021077,18.373304,20.0,0.004251198,3750,-8.130666,150,25,-3.5264337,75000,0.001209381,-0.9275423,6.649564,[[-0.616]],-23.818823,4.905749
0.006669231,0.00013233027,30.267659902572632,0.99999815,[[0.096]],-8.758319894770043,-8.954109,8.822081e-07,1.0,17.754534,60.32711,-8.9540615,0.006664354,-0.32984066,150.0,150.0,17.754534,20.0,0.0066666543,3900,-8.75832,150,26,-8.758273,78000,0.99965304,-0.9275423,7.7412133,[[-0.543]],-23.858929,1.0003847
0.04592065,0.9376686,31.07203245162964,0.71928704,[[0.096]],-7.729925137806259,-7.9288974,0.0062511247,35.620518,17.439537,109.40818,-5.381657,2.0752666e-05,-0.26707557,55.568012,4.211056,17.439537,20.0,0.004795247,4050,-7.729925,150,27,-4.1941357,81000,0.0031128998,-0.9257287,7.0880923,[[-0.543]],-24.246809,6.8880973
0.122239076,1.6184548,31.974493741989136,0.8373654,[[0.096]],-7.827074190436057,-8.026039,0.010789698,18.250137,19.056158,286.87958,-5.9430833,1.9090166e-05,-0.20269154,31.67435,8.219116,19.056158,20.0,0.005582436,4200,-7.8270745,150,28,-5.0931005,84000,0.002863525,-0.9258012,6.7266994,[[-0.612]],-24.246008,18.335861
0.06490378,1.2849802,32.892911434173584,0.89264566,[[0.096]],-8.29805495007082,-8.496123,0.008566534,19.018078,17.72285,313.59628,-6.6005993,1.2775115e-05,-0.4284099,48.82473,7.8872323,17.72285,20.0,0.0059509715,4350,-8.298055,150,29,-5.7368255,87000,0.0019162671,-0.9257528,6.9157977,[[-0.544]],-24.136806,9.735567
0.016475625,0.41761696,33.73354697227478,0.9769632,[[0.096]],-8.054441627849673,-8.247017,0.0027841134,1.1459819,19.270279,72.48818,-7.837988,0.0020581502,-0.31539384,126.82566,130.89212,19.270279,20.0,0.0065130885,4500,-8.054441,150,30,-7.6318345,90000,0.30872253,-0.9491355,6.980574,[[-0.608]],-23.46737,2.4713438
0.045576535,0.88775516,34.96492671966553,0.705723,[[0.094]],-7.542123997592222,-7.737283,0.0059183678,79.5021,18.80061,66.517006,-5.528558,4.1130957e-06,-0.2287339,58.085373,1.8867427,18.80061,20.0,0.0047048205,4650,-7.542124,150,31,-3.7884405,93000,0.0006169643,-0.9622504,6.934538,[[-0.629]],-23.782227,6.83648
0.006666667,,36.246354818344116,1.0,[[0.092]],-7.854056685144349,-8.0522995,4.656613e-10,1.0,18.062403,50.85552,-8.0522995,0.006666667,-0.20347069,150.0,150.0,18.062403,20.0,0.0066666673,4800,-7.854058,150,32,-7.854057,96000,1.0,-0.9622504,7.1074953,[[-0.546]],-24.157965,1.0
0.10859896,1.6554897,36.893640756607056,0.7185346,[[0.092]],-7.819491157077667,-8.018453,0.011036598,25.374388,17.540462,70.789085,-4.513857,1.1764762e-05,-0.23052257,23.778095,5.911473,17.540462,20.0,0.0047902307,4950,-7.8194914,150,33,-3.5116258,99000,0.0017647143,-0.9610289,6.6947145,[[-0.546]],-24.245623,16.289845
0.07529649,1.200668,37.584094762802124,0.7322694,[[0.093]],-9.964836889264294,-10.176875,0.008004454,26.709127,17.268051,163.33006,-6.39889,1.5030184e-06,-0.27825862,40.667343,5.616058,17.268051,20.0,0.004881796,5100,-9.964836,150,34,-5.3030524,102000,0.00022545276,-0.9605016,7.718084,[[-0.481]],-25.83923,11.294474
0.006666667,,38.48627710342407,1.0,[[0.093]],-9.410962195183092,-9.608005,4.656613e-10,1.0,18.014389,50.271206,-9.608005,0.006666667,-0.28798753,150.0,150.0,18.014389,20.0,0.0066666673,5250,-9.410963,150,35,-9.410962,105000,1.0,-0.9605016,7.0665455,[[-0.54]],-24.011726,1.0
0.1081614,1.6523495,39.827221155166626,0.82741404,[[0.093]],-7.884717967560462,-8.081967,0.011015664,32.303413,18.156265,243.61372,-6.4078565,8.022278e-06,-0.22164106,30.072006,4.643472,18.156265,20.0,0.005516094,5400,-7.8847184,150,36,-5.286769,108000,0.0012033416,-0.9714362,7.073892,[[-0.54]],-24.036905,16.224209
0.100590736,1.7498105,40.91960406303406,0.819504,[[0.092]],-8.62917215697386,-8.823601,0.011665404,36.56704,18.295969,324.7222,-6.9424014,9.38292e-07,-0.18611184,26.982754,4.1020546,18.295969,20.0,0.005463361,5550,-8.629173,150,37,-5.76668,111000,0.0001407438,-0.9954222,7.406188,[[-0.61]],-23.693151,15.08861
0.07504766,1.167025,42.1957802772522,0.73402995,[[0.089]],-7.777206644764295,-7.9713535,0.007780167,15.394269,18.719013,95.263466,-4.8363857,7.4187426e-07,-0.32517138,42.52011,9.743886,18.719013,20.0,0.004893533,5700,-7.7772064,150,38,-4.074639,114000,0.00011128114,-0.9943134,6.6519976,[[-0.691]],-23.658895,11.257149
0.0066667255,3.8103424e-06,43.313040018081665,0.9999998,[[0.09]],-8.161337998134032,-8.354013,2.5393929e-08,1.0,20.311728,47.189476,-8.354011,0.0066665467,-0.26861346,150.0,150.0,20.311728,20.0,0.006666665,5850,-8.161338,150,39,-8.161335,117000,0.999982,-0.9943134,6.8465285,[[-0.757]],-23.479578,1.0000088
0.033869587,0.57436275,44.163334131240845,0.9755004,[[0.09]],-9.781331887361938,-9.973227,0.0038290855,1.2859478,19.271057,157.01254,-9.704425,0.0017300883,-0.23689999,111.38575,116.645485,19.271057,20.0,0.0065033366,6000,-9.781332,150,40,-9.486816,120000,0.25951323,-0.9938255,7.620785,[[-0.757]],-23.384417,5.0804377
0.0066690566,8.639465e-05,45.09414982795715,1.0000024,[[0.09]],-8.448115226652462,-8.64069,5.7597697e-07,1.0,19.39554,49.85297,-8.640669,0.0066649895,-0.17655018,150.0,150.0,19.39554,20.0,0.0066666827,6150,-8.448115,150,41,-8.448094,123000,0.9997484,-0.99382514,7.037163,[[-0.734]],-23.467262,1.0003585
0.15074702,1.9250474,46.14754939079285,0.79198694,[[0.09]],-8.286821883442832,-8.479163,0.012833649,26.54437,19.893427,178.01956,-5.8372808,1.1945552e-05,-0.19046044,21.713682,5.6509156,19.893427,20.0,0.005279913,6300,-8.286821,150,42,-4.8463154,126000,0.0017918327,-0.9941204,7.0585384,[[-0.734]],-23.4388,22.612053
0.08457353,1.5873035,47.34793758392334,0.8333853,[[0.09]],-8.50799774430457,-8.704006,0.010582023,43.592426,20.695902,279.74615,-6.3744097,1.0176766e-07,-0.23888753,32.413685,3.4409647,20.695902,20.0,0.005555902,6450,-8.507998,150,43,-5.08027,129000,1.5265148e-05,-1.0839466,7.474066,[[-0.806]],-23.885748,12.686029
0.10372107,1.6474584,49.05477833747864,0.80653447,[[0.082]],-7.948788826184262,-8.14025,0.010983057,28.485056,18.823395,130.42662,-5.639044,1.16264455e-05,-0.20748697,29.00023,5.265919,18.823395,20.0,0.0053768964,6600,-7.948788,150,44,-4.6171846,132000,0.0017439667,-1.0841365,7.215093,[[-0.73]],-23.331663,15.55816
0.112684,1.7228909,50.743683099746704,0.84260243,[[0.082]],-7.504524366345225,-7.694537,0.011485939,30.064093,19.239803,342.93005,-6.536338,6.85561e-06,-0.25858602,28.952484,4.989341,19.239803,20.0,0.0056173494,6750,-7.5045238,150,45,-5.494486,135000,0.0010283415,-1.0791835,7.018382,[[-0.797]],-23.15503,16.9026
0.006666667,,52.272074699401855,1.0,[[0.082]],-7.48030920352912,-7.6629634,4.656613e-10,1.0,18.38037,48.407726,-7.6629634,0.006666667,-0.10473227,150.0,150.0,18.38037,20.0,0.0066666673,6900,-7.480309,150,46,-7.4803095,138000,1.0,-1.0791835,6.9343357,[[-0.726]],-22.258327,1.0
0.025760569,0.6985382,53.83298206329346,0.61766106,[[0.082]],-8.174265214277279,-8.369016,0.0046569207,25.106253,19.419748,38.377586,-5.3108706,0.00011458739,-0.12415542,65.81756,5.9746075,19.419748,20.0,0.00411774,7050,-8.174265,150,47,-4.335051,141000,0.017188108,-0.9351224,6.8754144,[[-0.726]],-23.73241,3.8640852
0.060040876,1.1603742,55.31755256652832,0.70844537,[[0.095]],-8.463929057938026,-8.660558,0.0077358284,34.55396,19.069256,310.73547,-6.5605016,5.2567198e-06,-0.30025238,40.730213,4.341037,19.069256,20.0,0.0047229696,7200,-8.463929,150,48,-5.404667,144000,0.0007885079,-0.93749106,6.7502074,[[-0.791]],-23.961285,9.006131
0.049596198,1.0211517,56.375909090042114,0.65574664,[[0.095]],-9.379666229773871,-9.576522,0.0068076784,42.562977,19.669405,108.46437,-5.9882927,1.8192353e-06,-0.27109715,43.79585,3.5241897,19.669405,20.0,0.0043716445,7350,-9.379666,150,49,-4.703993,147000,0.00027288529,-0.94490534,7.079916,[[-0.873]],-23.98908,7.4394298
0.09113531,1.4821616,57.53153896331787,0.8888024,[[0.094]],-7.866292887644616,-8.067132,0.009881078,11.692069,20.42627,675.767,-7.134177,4.640904e-05,-0.34561628,39.673405,12.829209,20.42627,20.0,0.0059253494,7500,-7.866293,150,50,-6.4474335,150000,0.006961356,-0.9422912,6.9047284,[[-0.96]],-24.474415,13.670296
0.072344236,1.2171109,58.67778182029724,0.6822117,[[0.094]],-7.8433728058192935,-8.035421,0.0081140725,25.299013,19.159004,38.590492,-4.0438924,4.2489886e-05,-0.2986913,35.860363,5.9290853,19.159004,20.0,0.0045480775,7650,-7.8433733,150,51,-3.0779226,153000,0.0063734828,-0.93859804,6.8345633,[[-0.882]],-23.40319,10.851635
0.05605835,1.099864,59.640071630477905,0.7716573,[[0.095]],-7.840744446374729,-8.037523,0.007332427,25.042408,19.22897,142.02498,-5.700016,2.3082013e-05,-0.27202818,49.479523,5.9898396,19.22897,20.0,0.005144383,7800,-7.8407445,150,52,-4.715287,156000,0.003462302,-0.9383746,6.660884,[[-0.801]],-23.979597,8.408752
0.08246496,1.5494009,60.78084349632263,0.95923144,[[0.095]],-8.315472751107118,-8.513127,0.01032934,5.5899053,17.909397,383.64185,-8.08219,7.450202e-05,-0.3817442,41.562298,26.834085,17.909397,20.0,0.0063948757,7950,-8.315473,150,53,-7.614875,159000,0.011175303,-0.93682593,7.0549736,[[-0.721]],-24.086311,12.369744
0.07106806,1.232616,61.71186685562134,0.9697819,[[0.095]],-7.955532031966025,-8.15455,0.00821744,3.211152,17.80004,233.67107,-7.5250554,2.5213649e-05,-0.26334214,57.350376,46.712208,17.80004,20.0,0.006465213,8100,-7.955532,150,54,-7.1684227,162000,0.0037820472,-0.93665606,6.7222786,[[-0.665]],-24.252342,10.660209
0.0906656,1.3251814,62.7580623626709,0.782128,[[0.095]],-7.975587868555704,-8.17465,0.008834544,21.201876,17.759333,96.7689,-5.0172577,1.3213433e-05,-0.32754603,38.752205,7.074846,17.759333,20.0,0.005214186,8250,-7.9755874,150,55,-4.1006675,165000,0.0019820149,-0.95138824,7.116885,[[-0.712]],-24.2578,13.59984
0.05485744,1.2737983,63.83576726913452,0.7778077,[[0.093]],-8.042600395282973,-8.243367,0.008491989,34.469902,18.7383,237.61278,-6.3887653,1.5083284e-06,-0.20887859,40.738857,4.3516226,18.7383,20.0,0.005185385,8400,-8.042601,150,56,-5.2100415,168000,0.00022624926,-0.9619344,7.2456656,[[-0.785]],-24.465565,8.228616
0.036975794,0.89999294,64.96517443656921,0.6331133,[[0.092]],-8.50052793087603,-8.692518,0.005999953,37.93678,19.028185,115.82667,-5.186594,2.3969621e-06,-0.2015957,49.656326,3.9539466,19.028185,20.0,0.0042207553,8550,-8.500528,150,57,-4.0040736,171000,0.0003595443,-0.96335906,6.742381,[[-0.869]],-23.396004,5.546369
0.03837637,0.93464375,65.92508625984192,0.6149096,[[0.092]],-8.342029098802294,-8.531327,0.006230958,34.367207,19.402267,56.774685,-4.6710606,8.186079e-06,-0.336836,45.31303,4.364626,19.402267,20.0,0.0040993975,8700,-8.34203,150,58,-3.5613248,174000,0.0012279118,-0.9637453,6.777745,[[-0.955]],-23.06804,5.7564554
0.049224682,0.97141707,66.88155460357666,0.64269656,[[0.092]],-8.47388497086049,-8.669282,0.0064761136,37.324436,20.637596,138.55606,-5.728232,1.7025699e-06,-0.29479054,45.668446,4.018815,20.637596,20.0,0.0042846436,8850,-8.473885,150,59,-4.5344768,177000,0.00025538547,-0.9648437,6.8213196,[[-1.045]],-23.811235,7.3837023
0.06884816,1.4637414,67.77221751213074,0.8157424,[[0.092]],-9.866419382734872,-10.067738,0.009758276,37.496216,21.811232,331.1817,-7.9383864,7.745403e-06,-0.28077966,35.547092,4.000404,21.811232,20.0,0.005438283,9000,-9.866419,150,60,-6.705636,180000,0.0011618105,-0.9158318,7.460159,[[-1.14]],-24.532663,10.327225
0.046303697,1.1174021,68.91491985321045,0.6245983,[[0.097]],-9.72165691067629,-9.919445,0.0074493485,48.774616,21.029844,133.17786,-5.2253704,6.3549223e-06,-0.36674023,35.710064,3.07537,21.029844,20.0,0.004163989,9150,-9.721657,150,61,-3.844048,183000,0.00095323834,-0.94848704,7.5564346,[[-1.06]],-24.102463,6.9455543
0.08619434,1.4233313,69.85256385803223,0.7532204,[[0.094]],-9.029750633177157,-9.224104,0.009488876,104.73943,19.965956,179.65836,-7.4870033,7.3930204e-07,-0.30550277,32.81687,1.4321253,19.965956,20.0,0.0050214697,9300,-9.029749,150,62,-5.4979525,186000,0.0001108953,-0.96988136,7.0969615,[[-0.967]],-23.683945,12.929151
0.07027931,1.4685464,71.16583847999573,0.7983889,[[0.092]],-8.013443453294643,-8.206234,0.00979031,28.95247,19.24848,204.86705,-6.2716765,9.93212e-06,-0.28664693,34.22044,5.180905,19.24848,20.0,0.005322593,9450,-8.013444,150,63,-5.234322,189000,0.0014898179,-0.9689413,6.564043,[[-0.862]],-23.493496,10.541896
0.046176884,0.91596776,72.04554986953735,0.6846201,[[0.092]],-8.530007963435198,-8.728478,0.006106452,39.899513,19.827679,155.83835,-5.514083,1.0284186e-05,-0.22777463,53.7628,3.7594445,19.827679,20.0,0.004564134,9600,-8.530008,150,64,-4.2604218,192000,0.0015426278,-0.9630154,7.3094487,[[-0.952]],-24.185751,6.9265327
0.04220654,1.1702979,72.96882843971252,0.7525685,[[0.092]],-7.692135229620122,-7.894704,0.0078019868,35.502342,20.691902,97.80601,-5.229139,5.5601586e-06,-0.1779688,43.882133,4.2250733,20.691902,20.0,0.005017123,9750,-7.6921344,150,65,-4.0221615,195000,0.00083402375,-0.9609702,6.6583447,[[-1.04]],-24.685045,6.330981
0.006666667,,74.24543404579163,1.0,[[0.093]],-8.981930718273622,-9.177274,4.656613e-10,1.0,20.079317,48.337902,-9.177274,0.006666667,-0.2371157,150.0,150.0,20.079317,20.0,0.0066666673,9900,-8.981931,150,66,-8.981931,198000,1.0,-0.9609702,6.9293323,[[-0.923]],-23.804625,1.0
0.060798805,1.2237743,75.09488797187805,0.8434157,[[0.093]],-8.689555431946042,-8.890073,0.008158496,9.930401,19.855392,246.49544,-6.556471,2.108105e-05,-0.21406937,48.304108,15.10513,19.855392,20.0,0.005622771,10050,-8.689556,150,67,-5.9245925,201000,0.0031621575,-0.9569682,6.852603,[[-0.923]],-24.43506,9.119821
0.013941033,0.25716543,76.42795443534851,0.96862376,[[0.093]],-8.164754190961363,-8.3652935,0.0017144362,1.0841228,20.855448,54.985626,-7.9363394,0.002775476,-0.23160923,140.12302,138.36072,20.855448,20.0,0.0064574913,10200,-8.164754,150,68,-7.7275357,204000,0.4163214,-0.92077863,7.2186384,[[-0.979]],-24.437777,2.0911548
0.01315798,0.2116054,77.95517897605896,0.98998415,[[0.096]],-9.47857491385544,-9.684021,0.0014107027,1.0396886,21.000113,66.70912,-9.596224,0.0031372337,-0.38507554,143.4463,144.27397,21.000113,20.0,0.006599894,10350,-9.478574,150,69,-9.386741,207000,0.47058505,-0.920665,7.2624702,[[-0.97]],-25.035748,1.973697
0.024078239,0.70667404,78.77498269081116,0.5350795,[[0.096]],-9.067426908124563,-9.265494,0.0047111604,64.69882,21.135622,66.25699,-5.5766764,6.03582e-07,-0.32325095,54.66031,2.3184347,21.135622,20.0,0.0035671964,10500,-9.067427,150,70,-3.9835184,210000,9.05373e-05,-0.91650414,7.2769823,[[-0.959]],-24.13648,3.6117358
0.013481318,0.20052008,79.89084243774414,1.0001402,[[0.097]],-10.549392232537285,-10.748715,0.0013368006,1.0380629,21.330431,61.8726,-10.701533,0.0039454666,-0.3777827,144.20341,144.49991,21.330431,20.0,0.006667602,10650,-10.549392,150,71,-10.498452,213000,0.59181994,-0.9175918,7.3364286,[[-1.076]],-24.289583,2.0221977
0.045307994,0.667659,80.78607654571533,0.9600417,[[0.097]],-9.667559949984964,-9.872614,0.0044510597,1.3828421,21.539661,124.88599,-9.022365,0.0010861638,-0.23420577,101.10218,108.47226,21.539661,20.0,0.006400278,10800,-9.66756,150,72,-8.781233,216000,0.16292456,-0.90827507,7.3494983,[[-1.065]],-24.987968,6.796199
0.044108286,1.1389438,82.08961224555969,0.61183685,[[0.098]],-9.607087962215234,-9.807181,0.007592959,37.679363,20.95348,243.03603,-5.839823,3.988239e-07,-0.2625363,33.59282,3.980959,20.95348,20.0,0.0040789125,10950,-9.607088,150,73,-4.6115828,219000,5.9823582e-05,-0.93334067,7.4784126,[[-1.045]],-24.383427,6.616243
0.02343456,0.4703531,83.28222322463989,0.9817315,[[0.095]],-10.291722979177663,-10.498249,0.0031356872,1.2082415,21.822294,127.447525,-10.085711,0.00049889996,-0.30760434,121.99662,124.14737,21.822294,20.0,0.006544877,11100,-10.291723,150,74,-9.858697,222000,0.07483499,-0.9580084,7.4083543,[[-1.185]],-25.167398,3.515184
0.10330914,1.366125,84.13658332824707,0.55129945,[[0.093]],-9.591211803665203,-9.800942,0.0091075,27.999092,21.625612,440.31836,-5.4308205,4.5550723e-06,-0.33086908,21.00685,5.3573165,21.625612,20.0,0.0036753297,11250,-9.591211,150,75,-4.3210535,225000,0.00068326085,-0.9684646,7.446725,[[-1.159]],-25.557781,15.49637
0.006666667,,85.58234119415283,1.0,[[0.092]],-8.756650708313215,-8.9604435,4.656613e-10,1.0,20.78029,53.03554,-8.9604435,0.006666667,-0.32550424,150.0,150.0,20.78029,20.0,0.0066666673,11400,-8.75665,150,76,-8.756651,228000,1.0,-0.9684646,7.258235,[[-1.059]],-24.834326,1.0
0.0066677015,6.272382e-05,86.42737030982971,0.99999714,[[0.092]],-8.565145788938382,-8.761688,4.1816534e-07,1.0,20.878237,51.621784,-8.761667,0.006665385,-0.265044,150.0,150.0,20.878237,20.0,0.006666648,11550,-8.5651455,150,77,-8.565125,231000,0.9998077,-0.9684554,7.1608624,[[-1.059]],-23.950682,1.0001552
0.055198424,1.0748199,87.24031972885132,0.6828872,[[0.092]],-8.862366747585105,-9.061559,0.0071654664,35.249054,21.434998,54.33837,-4.5611897,2.9893486e-06,-0.20115924,43.137276,4.2554336,21.434998,20.0,0.0045525813,11700,-8.862368,150,78,-3.378561,234000,0.00044840228,-0.96682733,7.272431,[[-1.059]],-24.273811,8.279763
0.056071892,1.1021698,88.2195303440094,0.8036227,[[0.092]],-8.301603009846565,-8.49753,0.007347799,17.753124,19.913544,118.1541,-5.890023,8.8789675e-06,-0.27377576,52.064953,8.449217,19.913544,20.0,0.005357485,11850,-8.301603,150,79,-5.0644946,237000,0.0013318451,-0.9666967,6.605254,[[-0.967]],-23.875803,8.410784
0.0795291,1.2200854,89.55253744125366,0.6706347,[[0.092]],-8.140543608784228,-8.338461,0.008133903,27.520319,19.355165,35.294586,-4.1178403,4.1480856e-05,-0.2767919,34.80398,5.450518,19.355165,20.0,0.0044708974,12000,-8.140544,150,80,-3.07957,240000,0.0062221284,-0.96469367,6.9138436,[[-0.923]],-24.11831,11.929364
0.044082735,1.0864849,90.57427501678467,0.7297401,[[0.092]],-7.853983854042714,-8.039396,0.0072432323,33.541645,17.398855,67.02012,-4.9727106,5.369104e-06,-0.34555057,46.63134,4.4720526,17.398855,20.0,0.004864934,12150,-7.8539834,150,81,-3.8988955,243000,0.0008053656,-0.96755177,6.605359,[[-0.84]],-22.594389,6.61241
0.13376541,1.8478462,91.45444226264954,0.7674795,[[0.092]],-8.548847354852803,-8.74671,0.012318974,23.84486,18.422438,207.69774,-5.7944136,1.8143139e-05,-0.19040677,22.068783,6.2906637,18.422438,20.0,0.0051165298,12300,-8.548847,150,82,-4.8282323,246000,0.0027214708,-0.96810853,6.9344063,[[-0.756]],-24.111511,20.064812
0.10687485,1.3910922,92.44099235534668,0.6881894,[[0.092]],-8.85820872435314,-9.058457,0.009273948,18.060347,17.472355,257.91238,-5.377799,2.1359083e-06,-0.2625208,29.492857,8.305489,17.472355,20.0,0.0045879297,12450,-8.858209,150,83,-4.5267982,249000,0.00032038623,-0.96288854,7.445739,[[-0.681]],-24.402264,16.031227
0.04404254,0.82904446,93.87244367599487,0.7446695,[[0.092]],-8.670111415124648,-8.862709,0.0055269636,14.53342,17.60068,148.84328,-5.723303,2.262042e-05,-0.26746476,66.98078,10.321039,17.60068,20.0,0.0049644634,12600,-8.67011,150,84,-4.989067,252000,0.0033930629,-0.9744846,6.863271,[[-0.742]],-23.470087,6.6063805
0.076748416,1.1967213,95.15203785896301,0.7432635,[[0.091]],-7.979111252967753,-8.177303,0.007978142,26.302069,16.93858,139.26651,-5.309621,1.3934773e-05,-0.19848794,41.75492,5.7029734,16.93858,20.0,0.0049550906,12750,-7.9791107,150,85,-4.293181,255000,0.002090216,-0.9771929,6.6905427,[[-0.804]],-24.151821,11.512262
0.09496805,1.707482,96.53950715065002,0.89997345,[[0.091]],-9.053663320590838,-9.261385,0.011383215,43.486523,17.060041,129.38055,-6.530404,5.105552e-07,-0.14811811,32.61161,3.4493446,17.060041,20.0,0.005999824,12900,-9.053664,150,86,-5.160597,258000,7.6583274e-05,-0.9892294,7.681271,[[-0.721]],-25.313097,14.245207
0.015356817,0.22591317,97.90919899940491,0.9969341,[[0.09]],-8.637555829936494,-8.839873,0.0015060878,1.0406933,17.41261,58.799786,-8.712306,0.0034222142,-0.3433911,142.67355,144.13469,17.41261,20.0,0.006646228,13050,-8.637555,150,87,-8.505913,261000,0.5133321,-0.98898065,7.3056154,[[-0.789]],-24.654522,2.3035226
0.11683416,1.8529732,98.75641345977783,0.9528082,[[0.09]],-7.434405931871988,-7.6371875,0.012353156,24.495886,17.81543,176.47545,-6.6616745,1.431273e-05,-0.2746755,31.367294,6.1234775,17.81543,20.0,0.006352055,13200,-7.434406,150,88,-5.658044,264000,0.0021469095,-0.9885154,6.681689,[[-0.798]],-24.711014,17.525124
0.04411315,1.042472,100.14540529251099,0.6712234,[[0.09]],-8.315146691644749,-8.522091,0.0069498136,38.000027,17.154213,141.06924,-5.7997656,3.0850629e-06,-0.2835872,43.961246,3.9473658,17.154213,20.0,0.004474823,13350,-8.315146,150,89,-4.524074,267000,0.00046275943,-0.9972203,7.0911407,[[-0.711]],-25.218365,6.6169724
0.042229775,0.8574649,101.26379442214966,0.64317584,[[0.089]],-7.705658149308774,-7.9130454,0.005716433,32.867043,17.036152,54.70386,-4.7439585,3.406416e-06,-0.23990262,54.0083,4.5638423,17.036152,20.0,0.0042878385,13500,-7.7056584,150,90,-3.5550137,270000,0.0005109624,-0.99969685,6.6922255,[[-0.637]],-25.27229,6.334466
0.006666667,,102.17123031616211,1.0,[[0.089]],-8.701041354742983,-8.92667,4.656613e-10,1.0,16.39632,61.020725,-8.92667,0.006666667,-0.26051536,150.0,150.0,16.39632,20.0,0.0066666673,13650,-8.701041,150,91,-8.701042,273000,1.0,-0.99969685,7.7854943,[[-0.568]],-27.495092,1.0
0.045986287,0.97125155,102.94983625411987,0.7871185,[[0.089]],-8.598138354651168,-8.814101,0.0064750104,33.070614,16.416996,116.28667,-5.930176,8.356221e-06,-0.24188308,59.462673,4.535749,16.416996,20.0,0.0052474565,13800,-8.598138,150,92,-4.6882424,276000,0.0012534331,-0.999532,7.8693285,[[-0.568]],-26.317247,6.897943
0.05688704,1.1407073,103.90835618972778,0.5172229,[[0.089]],-8.221189440614348,-8.453237,0.0076047154,34.072243,15.806767,168.51636,-4.1438117,7.674061e-07,-0.23644088,25.579842,4.4024105,15.806767,20.0,0.003448153,13950,-8.221189,150,93,-2.7893198,279000,0.00011511092,-1.0755291,7.9933105,[[-0.506]],-28.27739,8.533056
0.03809964,0.9625224,105.00015163421631,0.75300074,[[0.083]],-9.87910018770475,-10.115719,0.0064168163,41.45796,15.706423,147.53033,-7.20745,8.0742166e-07,-0.2781982,56.949333,3.6181233,15.706423,20.0,0.0050200047,14100,-9.879101,150,94,-5.6839166,282000,0.00012111325,-1.084013,8.387446,[[-0.419]],-28.834423,5.714946
0.06875558,1.0506651,106.1334867477417,0.82585126,[[0.082]],-10.429130605103538,-10.658032,0.007004435,10.021726,15.7584095,322.11615,-8.447212,6.445073e-05,-0.25081292,57.283707,14.967483,15.7584095,20.0,0.005505676,14250,-10.429131,150,95,-7.72258,285000,0.00966761,-1.048361,8.532214,[[-0.473]],-27.893946,10.313337
0.027476579,0.7510479,107.48921179771423,0.5979328,[[0.085]],-10.104559218394623,-10.327823,0.005006986,41.112583,16.09807,77.23748,-5.533163,4.1011217e-06,-0.24318656,58.190907,3.648518,16.09807,20.0,0.003986219,14400,-10.104559,150,96,-4.101617,288000,0.00061516825,-1.051969,8.084465,[[-0.496]],-27.207031,4.1214867
0.07363492,1.2068791,108.44713473320007,0.770253,[[0.085]],-9.628362091004934,-9.858647,0.008045861,37.62901,15.669325,327.8761,-7.3605685,1.1788841e-05,-0.16621253,43.414684,3.9862862,15.669325,20.0,0.0051350202,14550,-9.628362,150,97,-5.947945,291000,0.0017683262,-1.0464759,8.722466,[[-0.437]],-28.062626,11.0452385
0.012723002,0.29097039,109.37424325942993,0.9544043,[[0.085]],-8.622695142988281,-8.865889,0.0019398027,1.089566,15.527361,60.25011,-7.9575377,0.0023852848,-0.25309408,137.24368,137.6695,15.527361,20.0,0.006362695,14700,-8.622695,150,98,-7.7036877,294000,0.3577927,-1.0742115,8.4778805,[[-0.382]],-29.635586,1.9084502
0.06870357,1.4746763,110.93735957145691,0.9375789,[[0.083]],-10.4619551323998,-10.704967,0.009831175,21.941196,15.722663,455.4938,-9.019941,5.221854e-06,-0.22374748,43.179447,6.836455,15.722663,20.0,0.0062505268,14850,-10.461955,150,99,-7.881647,297000,0.000783278,-1.0743805,8.810829,[[-0.37]],-29.613358,10.305535
